posta,kraj
1,Åtvidaberg
2,Ban Lŭng
3,Kayangel
4,Old Shinyanga
5,Lunas
6,Jiangzhang
7,Ebaye
8,Nalsian Norte
9,Sukamantri Satu
10,Serednye Vodyane
11,Bendo
12,Cukalat
13,São Cristóvão
14,Angkimang
15,Pisões
16,Concepción
17,Uzda
18,Myślenice
19,Kotaagung
20,Dadiya
21,Kipit
22,Małkinia Górna
23,Albanel
24,Zhoushizhuang
25,Paris La Défense
26,Liuzu
27,Águas Belas
28,Werbkowice
29,Paipu
30,Bobrov
31,Duut
32,Krutja e Poshtme
33,Ambovombe
34,Arthur’s Town
35,Hong Kong
36,Bogale
37,Longgao
38,Totoral
39,Obubra
40,Cherven Bryag
41,Zoumi
42,Afonsoeiro
43,Portela
44,Carrascal
45,New York City
46,Caen
47,Battung
48,Caujul
49,Basiong
50,Remas
51,Banjar Banyualit
52,Raposeira
53,Trai Ngau
54,Cimanggu
55,Sibayo
56,Donostia-San Sebastian
57,Brämhult
58,Warugunung
59,Évry
60,Bhāndāria
61,Meilin
62,Pueblo Nuevo Viñas
63,Sanlian
64,Pasadena
65,São Sebastião do Caí
66,Sumbersih
67,Gudurica
68,Bella Vista
69,Chino
70,Tallahassee
71,Al Khushnīyah
72,Woippy
73,Tabwakea Village
74,Maxixe
75,Bamiantong
76,Żabieniec
77,Maoya
78,Xiliguantun
79,Kalashnikovo
80,Shimoda
81,Linhares
82,Nanyang
83,Prey Veng
84,Batabanó
85,Rivière-du-Loup
86,Baijiang
87,Suso
88,Horqueta
89,Triolet
90,Atami
91,Tapera
92,Rudnik
93,Pindushi
94,Huaxijie
95,Svedala
96,Sindangbarang
97,Tolbazy
98,Rio Covo
99,Montelíbano
100,Gendiwu
101,Jiangguanchi
102,Majiao
103,Vojkovice
104,Thị Trấn Yên Cát
105,Nanlü
106,Tieba
107,Bykivka
108,Songyuan
109,Fenghua
110,Xiaochuan
111,Cholargós
112,Plakhtiyivka
113,Duowa
114,Mossendjo
115,San Isidro
116,Shuntian
117,Yunlu
118,Shenglilu
119,Alingsås
120,Veldhoven
121,Łyse
122,Krasiczyn
123,Sigu
124,Contraalmirante Cordero
125,Xiaogang
126,Abelheira
127,Antsiranana
128,Pagsabangan
129,Greenville
130,Kotawaikabubak
131,Hanji
132,Werangere
133,Hongor
134,Fatou
135,Lagunas
136,Kuala Lumpur
137,Kingston
138,Santa Cruz
139,Granica
140,Akademicheskoe
141,Stockholm
142,Bouarouss
143,Nepomuceno
144,Siilinjärvi
145,Maoyang
146,Maunuri
147,Uppsala
148,Puntaru
149,Yingkeng
150,Zákynthos
151,Buda-Kashalyova
152,Nawal
153,Dijon
154,Benoy
155,Lagoa de Albufeira
156,Arbais
157,El Pino
158,Lin’an
159,Youngstown
160,Laranganglintong
161,Varadero
162,Darfield
163,Targuist
164,Luleå
165,Klášterec nad Ohří
166,Wangda
167,Madison
168,Xekar
169,Kashar
170,Cincinnati
171,San Roque
172,Frutillar
173,Le Chambon-Feugerolles
174,Cikuya
175,Ecroignard
176,Callahuanca
177,København
178,Tengah
179,Camperdown
180,Tomsk
181,Évry
182,Skrzyszów
183,Xiayang
184,Bebedouro
185,Biguaçu
186,Huangmao
187,Botigues
188,Salinas
189,Huddinge
190,Lappi
191,Du’ermenqin
192,Santiago de María
193,Paris 18
194,Malandag
195,Malabonot
196,Thị Trấn Tân Yên
197,Mstsislaw
198,Homeyo
199,Kuching
200,Mirador
201,Horgo
202,Xinkai
203,Christchurch
204,Whitegate
205,Podstepki
206,Yilan
207,Cotaparaco
208,Safakulevo
209,Ketampak
210,Bayt Sāḩūr
211,Braga
212,Zhuxi
213,Cherkasskoye
214,Dongtai
215,Kerbuyan
216,Bayanan
217,Carquefou
218,Boca Suno
219,Jieshan
220,Beaufort
221,Xuwei
222,Weru
223,Nuevo Berlín
224,Cabeço de Vide
225,Jiangqiao
226,Arsenal
227,Três Corações
228,Konongo
229,Zhoupu
230,Ghanzi
231,Puqi
232,Kamyshin
233,Cikuya
234,Semambung
235,Bayangol
236,Valence
237,Vinež
238,María la Baja
239,Murovanoye
240,Mýrina
241,Alburitel
242,Hägersten
243,Columbeira
244,Chinchiná
245,Nijmegen
246,Dongtai
247,Vale da Serra
248,Yelenendorf
249,Bratsk
250,Balud
251,Dingjiaqiao
252,Jetis
253,Goworowo
254,San José de Miranda
255,Stod
256,Bayanbulag
257,Solana
258,Puente Alto
259,Changxuanling
260,Lâm Thao
261,Géfyra
262,Krajan Demit
263,Řečany nad Labem
264,Gajiram
265,Villa Alemana
266,Svetlyy
267,Lapa do Lobo
268,Shkotovo
269,Banjar Parekan
270,Zhujiapu
271,Kandahār
272,Nancun
273,Zhiletovo
274,Woha
275,Fuzihe
276,Americana
277,Woodstock
278,Pruchnik
279,Basail
280,Christchurch
281,Suwaru
282,San Miguel
283,Ban Houayxay
284,Yinghua
285,Easington
286,Wanxian
287,Xilinji
288,Konstantinovo
289,Yangping
290,Ngkiong
291,Anshun
292,Kukur
293,Claresholm
294,Ágios Spyrídon
295,Carabayllo
296,Abelheira
297,General Lavalle
298,Pulilan
299,Moncada
300,Shitang
301,Moanemani
302,Mlimba
303,Tianxingchang
304,Nowogard
305,Jingzhou
306,Liopétri
307,Huaihe
308,Glória do Goitá
309,Yidian
310,Cognac
311,Cali
312,Mahikeng
313,Nsanje
314,Heliconia
315,Zoushi
316,Medvedevo
317,Vicente Guerrero
318,Juuka
319,Envigado
320,Myrzakent
321,Keruguya
322,Ban Bang Kadi Pathum Thani
323,Avanca
324,Brumado
325,Songjiang
326,Wārāh
327,Choisy-le-Roi
328,Cisadap
329,El Corozal
330,Raszowa
331,Mancos
332,Americana
333,Marigot
334,Manat
335,Xujia
336,Cachadinha
337,Lille
338,Xiapu
339,Portachuelo
340,Maticmatic
341,Ténenkou
342,Rosetta
343,Hato Mayor del Rey
344,Bali
345,Francisco Morato
346,Rio Pardo
347,Parchowo
348,Sidomulyo
349,Xekar
350,Panjāb
351,Hüremt
352,Chư Prông
353,Osinniki
354,Jalgung
355,Op
356,Liutang
357,Xiting
358,Fare
359,Bang Rakam
360,Eskifjörður
361,Bairro
362,Paseka
363,Kedian
364,Qiqin
365,Pingshui
366,Bailingnao
367,Bang Bo District
368,Pacov
369,Podgorenskiy
370,Chicago
371,Jablanovec
372,Atarodangwautu
373,Codajás
374,White City
375,Gonzalo
376,Mapiripán
377,Kalilu
378,Grand Bank
379,Trosa
380,Kukur
381,Nggalak
382,Heiheba
383,Alenquer
384,Ocoruro
385,København
386,Canhestros
387,Miguel Hidalgo
388,Daniwato
389,Gabao
390,Sunne
391,Zhubei
392,Serra
393,Nart
394,Montes
395,Fuyang
396,Novospasskoye
397,Qiaobian
398,Estevan
399,Trélissac
400,Penteado
401,Sidu
402,Jiangshi
403,Mosrentgen
404,Stopnica
405,Orekhovo-Zuyevo
406,Slobodskoy
407,Chelles
408,Conner
409,Saño
410,Laixi
411,Sakata
412,Hudong
413,Yaqian
414,Stockholm
415,Staré Město
416,Sidoger Lebak
417,Caihua
418,Bealanana
419,Lucé
420,Tochigi
421,Bacong
422,Komorów
423,Arcena Pequena
424,Juanshui
425,Hrvace
426,Huangli
427,Ballymun
428,Shizi
429,Sztum
430,Shanjiang
431,Leran Kulon
432,Ādīs Zemen
433,Manzë
434,Yangp'yŏng
435,Jinchuan
436,Zagazig
437,Wenchun
438,Mingora
439,Potolo
440,Jasieniec
441,Paleran
442,Kalamangog
443,Brijest
444,Itapetinga
445,Janas
446,Jiadingzhen
447,Piippola
448,Ma’ao
449,Shengshan
450,Palu
451,Xuanzhou
452,Paris 14
453,Tqibuli
454,Unaizah
455,Vredefort
456,Cibolang
457,Sere
458,Xinzhou
459,Petrivka
460,Ponong
461,Yuanling
462,Muñoz East
463,Tshela
464,Rungis
465,Wakaseko
466,Hongxing
467,Guanshui
468,Hai’an
469,Masoyila
470,Hexi
471,Malawa
472,Frederiksberg
473,Huasahuasi
474,Atalaia
475,San Miguel
476,Acomayo
477,Jiubao
478,Lgota Wielka
479,Luoluopu
480,Sosnovka
481,Shenji
482,Travesía
483,Senada
484,São Pedro Gafanhoeira
485,Jaša Tomić
486,Gorzkowice
487,Zhangqing
488,El Porvenir
489,Tieremu
490,Mombok
491,Åmål
492,Huddinge
493,Kozy
494,Omaha
495,Salyan
496,Mocoa
497,Foumbot
498,Wakiso
499,Tasīl
500,Cergy-Pontoise
501,Dragash
502,La Palma
503,Dagkar
504,Białogard
505,Néa Róda
506,Paris 13
507,Tanjung Timur
508,Sanlian
509,Panenggoede
510,Jimsar
511,Mulhouse
512,Voskresenskoye
513,Voyinka
514,Hengshan
515,Jinli
516,Vogan
517,Ukmerge
518,Tamboril
519,Zouma
520,Divnoye
521,Anchang
522,Matingain
523,Log pri Brezovici
524,Nanhai
525,Radzanów
526,Pereira Barreto
527,Sufang
528,Huasahuasi
529,An Châu
530,Dhromolaxia
531,San Juan Atitán
532,Shuakhevi
533,Zhangpu
534,Växjö
535,Lyon
536,Wanlongshan
537,Satowebrang
538,Pirapozinho
539,Lávara
540,Buenlag
541,Ringinagung
542,Kuncen
543,Paobulan
544,Kájov
545,Yongle
546,Inongo
547,Saboyá
548,Kairouan
549,Hưng Nguyên
550,Villa Ángela
551,Lima
552,Skövde
553,Toulon
554,Ribeirão Pires
555,Sadek
556,Capioví
557,Santa Valha
558,Whitwell
559,Mirabel
560,Síkinos
561,Gaborone
562,Mamponteng
563,Youzha
564,Niemodlin
565,Bīrganj
566,Colombia
567,Miyazaki-shi
568,Tangchi
569,Reckange-sur-Mess
570,Veliki Grđevac
571,Miandrivazo
572,Amarillo
573,Ust’-Kut
574,Porto Seguro
575,Kouqian
576,Huaraz
577,Ar Riqāmā
578,Pamiers
579,Quchanghī
580,Kingston
581,Le Mans
582,Podgorica
583,Shaami-Yurt
584,Blerim
585,Kadubamban
586,Hongchuan
587,Vancouver
588,Lashkar Gāh
589,Longvic
590,Purbalingga
591,Donggong
592,Jivia
593,El Cantón
594,Huoqiu Chengguanzhen
595,Polowat
596,Mingjing
597,La Laja
598,Yoshikawa
599,Jicomé
600,Horgo
601,Modosinal
602,Al Qārah
603,La Esperanza
604,Qorovulbozor
605,Itatinga
606,Pécs
607,Ban Phue
608,Alor Setar
609,Soisy-sous-Montmorency
610,Smiths Falls
611,Galaz
612,Álimos
613,Las Matas de Santa Cruz
614,Weishanzhuang
615,Kengyuan
616,Lomé
617,Chociwel
618,Mafeteng
619,Cerkvenjak
620,Qvareli
621,Veracruz
622,Taupo
623,Sukasetia
624,Cláudio
625,Yidu
626,Qasr Abu Hadi
627,Sanjō
628,Rana
629,Sokol’skoye
630,Sepekov
631,Bernal
632,Cherepovets
633,Xincun
634,Xuanhua
635,Baliuag Nuevo
636,Pinsk
637,Port Loko
638,Xuexi
639,Amarillo
640,Kampinos
641,Villanueva
642,Fayzabad
643,Reno
644,Uzgen
645,Sinjil
646,Pung-Pang
647,Yiyang
648,La Estancia
649,Pemzashen
650,Pau
651,Včelná
652,Mbongawani
653,Katabu
654,Vantaa
655,Mesker-Yurt
656,Zhengcun
657,Soko
658,Chegdomyn
659,Mamburao
660,Pajapita
661,Timashëvsk
662,Kétou
663,Manhan
664,Woniuhe
665,Mankono
666,Casal da Serra
667,Kruševo
668,Donggang
669,Muang Sing
670,Vargem Grande do Sul
671,Dingcheng
672,Lyski
673,Taohua
674,Ryazhsk
675,Cheongpyeong
676,Zomba
677,Vyshhorod
678,Hongor
679,Weyburn
680,Zográfos
681,Syanno
682,Zemun
683,Uthai
684,Domašinec
685,Chum Phae
686,Al Fujayrah
687,Kasimov
688,Karlskrona
689,Hengli
690,Kościelec
691,Wonosobo
692,Tofol
693,Santyoku
694,Linköping
695,Dłutów
696,Tajimi
697,Rešetari
698,Artimet
699,Trá Mhór
700,Baru Timur
701,Ichinoseki
702,Kedungringin
703,Shuntian
704,Xiaowuzhan
705,Kharlu
706,Cerro Blanco
707,Kapuskasing
708,Xiagang
709,La Victoria
710,Bichena
711,Belo Horizonte
712,Malhão
713,Uva
714,Lagdo
715,Lanzhong
716,Shangxing
717,Ilesa
718,Changyuan
719,Nancy
720,Modakeke
721,Boulogne-sur-Mer
722,La Unión
723,Severoural’sk
724,Shahe
725,Caen
726,Munturkaju
727,Romanovskaya
728,Conel
729,Shahkot
730,Aasiaat
731,Nogueira
732,Yezhi
733,Sobreira
734,Turmi
735,Voyskovitsy
736,Cikole
737,Lapachito
738,Charlotte
739,Krajan Kinanti
740,Kokkári
741,Song
742,Manutapen
743,Wan Yai
744,Ampanihy
745,Muarabuliti
746,Haozigang
747,Bystřany
748,Dungon
749,Elvas
750,Melaka
751,Kuching
752,Olovyannaya
753,Rožna Dolina
754,Kurye
755,Pravda
756,Lampa
757,Bolhrad
758,Curibaya
759,Dumlan
760,Paris 12
761,Tangkanpulit
762,Sexiong
763,Kalwaria Zebrzydowska
764,Qiaodong
765,Zaindainxoi
766,Stare Pole
767,Lelystad
768,Dingcheng
769,Yeşilköy
770,Brunflo
771,Mönchengladbach
772,Delvinë
773,Mahalapye
774,Gifu-shi
775,Zhoushan
776,Nîmes
777,Atsipópoulon
778,Veles
779,Guankou
780,Santa Cruz
781,Arapongas
782,‘Irbīn
783,Tianzhou
784,Weiting
785,Gravataí
786,Bayang
787,Moa
788,Machala
789,Angoulême
790,Asino
791,Libei
792,Antalaha
793,Lameiras
794,Tran
795,Krivaja
796,Salantai
797,Madalena do Mar
798,Zhengcun
799,Osieczany
800,Julcamarca
801,Qulai
802,Triteh
803,Perstorp
804,Hägersten
805,Kebon
806,Thị Trấn Na Hang
807,Kukoboy
808,Manta
809,Ma’an
810,Altamira
811,Angoram
812,Ma’ao
813,Tiguion
814,Gardutanjak
815,Lac-Brome
816,Warungbanten
817,Betafo
818,Boljevac
819,Kamensk-Ural’skiy
820,Hedong
821,Pingxiang
822,Foz do Arelho
823,Zeerust
824,Pulo
825,San Cristobal
826,Nantes
827,Sa'dah
828,Hadāli
829,Kapuskasing
830,Tizguine
831,Rossosh’
832,Benito Juarez
833,Andilamena
834,Bungoma
835,Ilanskiy
836,Saint-Lambert-de-Lauzon
837,Siekierczyn
838,Maracha
839,Chishan
840,Kłoczew
841,Banamba
842,Pingshan
843,Rizal
844,Santa Venera
845,Huangbei
846,Uruguaiana
847,Shahrisabz Shahri
848,Świeradów-Zdrój
849,Sobreira
850,Rudnichnyy
851,Ituiutaba
852,Mossendjo
853,Al Judayrah
854,Pilar
855,Aktsyabrski
856,Beiqiao
857,Tandzut
858,5 de Mayo
859,Madruga
860,Fornos
861,Itarana
862,Zahlé
863,Kontagora
864,Tangier
865,Baratleke
866,Ganzhou
867,Pyatigorskiy
868,Fermont
869,Kvänum
870,Perehonivka
871,Guadalupe Victoria
872,Goraj
873,Irvine
874,Jinping
875,Yiyang
876,Shankill
877,Fuyo
878,Allen
879,Beausejour
880,Pitogo
881,Floriano
882,Nikita
883,Orahovica
884,Guiping
885,Horodne
886,Colomi
887,Dayong
888,Bile
889,Zdíkov
890,Thamaga
891,Dahuang
892,Sukarama
893,Sandnes
894,Xiaxihao
895,Verkh-Usugli
896,Morinville
897,Jingxin
898,Skalánion
899,Tignapalan
900,Huimin
901,Damiao
902,Anle
903,Lamawalang
904,Cabeça Gorda
905,Ibaiti
906,Mount Frere
907,Banjar Bias
908,Lucaya
909,Fontenay-sous-Bois
910,Kelmė
911,Chã
912,Rio Preto da Eva
913,Sumalig
914,Thiers
915,Svetlograd
916,Primorsko-Akhtarsk
917,Nikhom Kham Soi
918,Drammen
919,Puteaux
920,Cimanggu Girang
921,Haizigou
922,Ningxin
923,Shangjia
924,Chợ Mới
925,Wakimachi
926,Kiarajangkung
927,Povorino
928,Tucson
929,Kraljevo
930,Jiyang
931,Salcedo
932,Nakama
933,Sukumo
934,Joconal
935,Diaoluoshan
936,Dobrljin
937,Nezlobnaya
938,Pekuwon
939,Magomeni
940,Fengyi
941,Tsenher
942,Yasynuvata
943,Kongkeshu
944,Nanuque
945,Manicahan
946,Zunilito
947,Podgórzyn
948,Troitsk
949,Kuleqi
950,El Quetzal
951,Macapsing
952,Bangko
953,Makata
954,Miaoqian
955,Calibungan
956,Baliton
957,Meybod
958,Bryukhovetskaya
959,Munkedal
960,Stony Plain
961,Frederiksberg
962,Portão
963,Matam
964,Elbasan
965,Huifeng
966,Georgīevka
967,Samir
968,Lazaro Cardenas
969,Polyarnyy
970,Miechów Charsznica
971,Kostel
972,Na Klang
973,Qukës-Skënderbe
974,Ḩāfiz̧ Moghul
975,Sendafa
976,Huangshanguan
977,Tocoa
978,Abreus
979,Saidpur
980,Wuli
981,Novogireyevo
982,Kalpin
983,Taouloukoult
984,Roanne
985,Žiželice
986,Vanáton
987,Bazar-Korgon
988,Alquízar
989,Huimin
990,Ardabīl
991,Māsāl
992,Stockholm
993,Majagual
994,Luksuhin
995,Uherce Mineralne
996,Khōshāmand
997,Formosa do Rio Preto
998,Horten
999,Zgornje Bitnje
1000,Potrerillos Arriba
