emso,ime,priimek,naslov,kraj,uporabnisko_ime,geslo
1,Lorin,Tregunna,24 Knutson Lane,664,ltregunna0,admingeslo
2,Gaynor,Ratnege,2 Moose Trail,726,gratnege1,bX7\`i#JUAW$
3,Matty,McCarver,2699 Sullivan Trail,62,mmccarver2,cS4>1UoA
4,Esra,Callinan,63747 Pond Place,412,ecallinan3,fS1/s>nN
5,Archibald,Terrill,9 Clemons Terrace,866,aterrill4,hV6</t`RSNH
6,Darcee,Sawers,0 Sullivan Avenue,807,dsawers5,jC6%H(~&S6BOwl
7,Barby,Barbary,66 Bobwhite Junction,892,bbarbary6,fH2!0%+*=
8,Amber,Roskruge,93 Sage Crossing,358,aroskruge7,"nU4""wjccFjEnSHIC"
9,Allsun,Carryer,48845 Grover Court,325,acarryer8,wV0+Bm`?@j_|y
10,Eugenie,Costigan,00 Mendota Hill,183,ecostigan9,"cL0,11gd$hFw%"
11,Honor,Lockney,12565 Stuart Point,798,hlockneya,lN3<ch.K*}p
12,Loralyn,Tabary,96819 Jana Crossing,862,ltabaryb,zW2.!y9DDnQ0
13,Tonia,Laraway,35 Sage Point,524,tlarawayc,tY5+67hP(
14,Tallie,Scrivin,0 Orin Junction,546,tscrivind,sB0\22XR
15,Seward,De Miranda,42 5th Crossing,768,sdemirandae,qS1`'BO<{9
16,Audra,Forsythe,32 Di Loreto Trail,447,aforsythef,kU9+AU@_X@r
17,Katya,Litherland,81690 Trailsway Court,137,klitherlandg,"uB8)8b""\X"
18,Nissa,Brundall,40469 Schlimgen Court,545,nbrundallh,qM9+#6ewSQX
19,Nicolette,Hindshaw,4 Morningstar Court,331,nhindshawi,kW7`VMo8&'
20,Forester,Townend,3 Kenwood Place,462,ftownendj,"kJ0""Fl02_V@zi"
21,Bendicty,Basant,9 Sugar Junction,48,bbasantk,rC7<)`N3+
22,Merola,Wandrach,88916 Dexter Avenue,373,mwandrachl,"wH9,OR_9"
23,Shawna,Chipman,8 Chive Point,685,schipmanm,lS7{nrdvmY0
24,Kore,Read,1294 Summer Ridge Pass,786,kreadn,eJ0.qo}qd)4mNyr
25,Henri,Vakhrushin,312 Cambridge Center,427,hvakhrushino,eQ6&Qm7fsdii5
26,Hyacinth,Megarry,19 Mesta Road,23,hmegarryp,hJ8>sy.NCT%
27,Franciskus,Treherne,4389 Mockingbird Park,261,ftreherneq,nH5>*?S4vTzSo'&d
28,Tiebold,Pulver,63026 Corry Court,424,tpulverr,hE2'dW523Fn.
29,Linn,Kardos,06 Portage Plaza,490,lkardoss,iP3|svfxSG`
30,Riki,Paslow,69735 Summit Way,469,rpaslowt,"uE4~3,#4"
31,Archie,Loisi,3 Loomis Crossing,540,aloisiu,wZ7+@{kq$i9u
32,Giulio,Bracey,5977 Mayer Road,323,gbraceyv,uB9<k=YNDc7sjZN
33,Kristine,Illiston,224 Harbort Park,964,killistonw,aI0`.1kmd8Q7ugGo
34,Dana,Magenny,103 International Point,830,dmagennyx,fI7?y4BpsJ\6
35,Cass,Stockton,59 Garrison Hill,908,cstocktony,nM1=yN+A#XP3
36,Chris,Fairchild,006 Cordelia Avenue,985,cfairchildz,iQ2{vHzNb%dv
37,Rory,Rays,9432 Rigney Center,743,rrays10,wL8$u+5_>|86aPa
38,Ingram,Stebles,21874 Village Way,437,istebles11,uJ4#TbO69X/%2&xw
39,Baxie,Kinkaid,73 Melrose Way,558,bkinkaid12,gM5/<}|gdQG%caKp
40,Ewart,Pollen,132 Talmadge Alley,790,epollen13,"vF7<,SJ'"
41,Robby,Dickey,2 Carey Crossing,158,rdickey14,iF8+tCajT)ftVk(z
42,Tannie,Daltrey,6 Emmet Place,169,tdaltrey15,"iL1,y|zF"
43,Martynne,Olivo,5278 Kennedy Parkway,836,molivo16,zA5&BDB1!e`N
44,Niven,Younglove,45 Bowman Park,51,nyounglove17,rT0&wBO>'kaCj
45,Egor,Zisneros,68393 Mitchell Way,95,ezisneros18,"uT7.537'>,"
46,Godfrey,Style,09 Fordem Crossing,501,gstyle19,"hW8<#UQ~\T>BiA,"
47,Zelma,Chamberlen,1320 1st Parkway,943,zchamberlen1a,zW0!nOap>.Z
48,Dorelle,Couldwell,5 Emmet Way,375,dcouldwell1b,nQ3*9/v)&32f
49,Chanda,Bindley,785 Knutson Alley,120,cbindley1c,zW0./Wos
50,Izaak,Mitroshinov,9 Coleman Park,900,imitroshinov1d,pS6&}PLAR(ep*
51,Nye,Basant,6 Vermont Center,358,nbasant1e,eT0.OOgO'Y4
52,Ottilie,Sutterfield,236 Duke Drive,142,osutterfield1f,rD6+4ud$pDRR)S
53,Morissa,Pashba,726 Park Meadow Center,357,mpashba1g,fZ8='oyGdL66+s
54,Sandi,Pashby,06287 Warner Drive,331,spashby1h,"pR6#I9fyhZ""|P"
55,Morgan,Giacopetti,4293 Del Mar Road,675,mgiacopetti1i,qD0|xE9!Mdinl
56,Leon,Stonebridge,4 Bartillon Terrace,36,lstonebridge1j,aA9#rMemCG?)B
57,Ardelia,Grebert,2162 Mesta Avenue,940,agrebert1k,yT7%jI!FG?+0A}
58,Fidelia,Atkyns,2 Northland Plaza,512,fatkyns1l,"fB2)""wx$7"
59,Whitney,Stoile,1566 Ridgeview Avenue,805,wstoile1m,nZ7=%6&q
60,Dennet,Gowman,9620 Pleasure Court,825,dgowman1n,"jQ3{k2H$,Gwl"
61,Dulcie,Paige,830 Manley Parkway,101,dpaige1o,hC7>A(jh9Vv
62,Midge,Stocks,4 Florence Street,119,mstocks1p,sT5@TQ&Ky
63,Christine,Featley,1 High Crossing Avenue,51,cfeatley1q,hA2!fk`*Q)F
64,Chiquita,Fedynski,76 Continental Trail,239,cfedynski1r,bB1!+1w#
65,Kara,Alderson,509 Bashford Road,626,kalderson1s,dZ0`PJ(gs)w>k
66,Jessamine,Barriball,47006 Canary Way,949,jbarriball1t,fT9%j_E{0??//&Wp
67,Marve,Limprecht,37217 Mockingbird Park,401,mlimprecht1u,uI5|RhO%
68,June,Durant,9495 Laurel Place,863,jdurant1v,nB7&L+vBHz
69,Glynnis,Braham,03835 Springs Street,606,gbraham1w,qM3(~bdz
70,Amitie,Chastagnier,5746 Kennedy Center,408,achastagnier1x,lE7\)%G503)KQ
71,Ignazio,McKeating,279 Moulton Lane,296,imckeating1y,"xE6""""Q!G5hBE\V"
72,Alessandro,Beakes,9 Nevada Place,488,abeakes1z,"tD1&k""z9Ap!w"
73,Hortensia,Pykerman,25778 Summer Ridge Court,972,hpykerman20,"iP0=""cHd~H"
74,Fifi,World,47456 Dayton Terrace,956,fworld21,eE9(EovFsN
75,Lanny,Bugg,435 Pawling Street,810,lbugg22,wZ4>Rwerpi\+D
76,Mozes,Dake,6 Forest Dale Hill,940,mdake23,"vJ5!R,yVEpn6"
77,Margaret,Hyndley,3 Delaware Avenue,273,mhyndley24,mT9=<+0t+p&|a
78,Dalt,Rudderham,1 Riverside Terrace,802,drudderham25,"bJ3"")e\>a?Beg=bU"
79,Quintilla,MacNeill,9 Oakridge Alley,426,qmacneill26,"zY3""Eb/va"
80,Frederique,Bortolomei,93347 Caliangt Road,679,fbortolomei27,"bG0$CO4t>\Im,d{"
81,Rainer,Woolfoot,426 Farmco Court,484,rwoolfoot28,aT0#&y4(wx}9xP
82,Pennie,Doodson,3 Bay Street,132,pdoodson29,"tW6.TZx"""
83,Bernardo,Nodes,924 Hoard Parkway,454,bnodes2a,uS3`XGe?
84,Felipe,McNea,52 Butterfield Alley,277,fmcnea2b,rO2{/&`0
85,Francois,Harbinson,27 Badeau Center,740,fharbinson2c,kC1/@`+pIN}dh
86,Brok,Hanscombe,233 Monterey Street,928,bhanscombe2d,oH8|.hns(
87,Samaria,Cartan,89663 Mitchell Junction,338,scartan2e,rV9|Va<=H
88,Helenelizabeth,Falkinder,5 Service Alley,517,hfalkinder2f,qG1}z2)n9|+&j
89,Meggy,Bradford,8 Pond Pass,667,mbradford2g,dB3(iG*)~{h@CC
90,Hendrik,Nairn,36 Veith Trail,581,hnairn2h,mT4{Cdh8
91,Allyson,Syplus,6329 Canary Crossing,873,asyplus2i,"cV3#_o%K,/CA'UkP"
92,Selina,Lyston,77 Burning Wood Junction,402,slyston2j,fY2<Wg`K9)2.az
93,Finlay,Abbis,23044 Sachtjen Hill,187,fabbis2k,mP0#9x??
94,Lorrin,Kenwood,0 Jana Trail,818,lkenwood2l,pW7.WHY`
95,Tally,Pulbrook,15199 Marcy Junction,696,tpulbrook2m,"yZ8,uI#uA"
96,Malory,De Vere,6981 6th Park,41,mdevere2n,cH2<WKaM
97,Emmie,Berrisford,73686 Knutson Center,694,eberrisford2o,wR3<ifkJUIS.&_4
98,Eddi,Newitt,49191 Pond Point,46,enewitt2p,yW9..of{Vf|
99,Halsy,Felstead,75 Pine View Drive,463,hfelstead2q,pJ4\g5a?`_$On
100,Bette-ann,Vawton,34875 Pankratz Hill,600,bvawton2r,"iB6,'.QL@Dgb4h"
101,Marybeth,Durand,1340 Mayfield Parkway,904,mdurand2s,iF6!G@*s
102,Malchy,Sharpless,15 Lakewood Gardens Alley,744,msharpless2t,iZ5|e\Gp
103,Annis,Nitti,56930 Bartillon Crossing,986,anitti2u,aU2\Cy*H~7B>OC)9
104,Glenda,Fobidge,46 Lukken Court,382,gfobidge2v,jL2\dxZ!!
105,Hugo,Rowsel,756 3rd Way,321,hrowsel2w,rM6)\0g5
106,Davon,Lunney,83 Talmadge Street,597,dlunney2x,nL8<L))Kh+ESlU%
107,Dick,Kaser,1593 Manitowish Park,102,dkaser2y,eT6%z}A=p1_
108,Almeta,Barnby,92 Muir Lane,924,abarnby2z,uI3?1xfj}m#5/I
109,Lazar,Bilbrey,321 Surrey Terrace,224,lbilbrey30,"pV2""1PzY>6W"
110,Nolan,Thyer,59 Sheridan Street,824,nthyer31,oE9}P*l*wWj~9
111,Jacquetta,Pizey,136 Larry Terrace,448,jpizey32,yS9(f|uxxiayaQ
112,Joyann,Calltone,0 Armistice Place,433,jcalltone33,rV1/\9c!iWOg.1J
113,Gery,Gratten,59 Kensington Park,274,ggratten34,xC7?&(K+7u3n
114,Luce,Zolini,430 Reindahl Pass,175,lzolini35,yZ5$3}Ua
115,Rick,Bleddon,293 Fairfield Place,86,rbleddon36,"wY0""$YEPbJ9|2"
116,Antony,Calderonello,53 Drewry Terrace,723,acalderonello37,vP2`!.V8e
117,Gannon,Arnoult,20 Arkansas Pass,8,garnoult38,"eZ1'YK6U5bzU&,I"
118,Hubey,McClurg,32678 Vera Center,795,hmcclurg39,cW1{z+_bW{'cSi<U
119,Zachery,MacCague,22 Coolidge Point,424,zmaccague3a,hC9'ca>YH7+JZ1S
120,Mallissa,MacGruer,425 Menomonie Avenue,129,mmacgruer3b,jM9(6<VQj</
121,Homer,Roxbrough,800 Fisk Road,537,hroxbrough3c,xY2?626)kiT{3
122,Ursa,Imrie,1 Forest Plaza,459,uimrie3d,kH1%hudl=kmgdz
123,Candis,Pigford,94550 Luster Crossing,792,cpigford3e,"bJ8,)V2scf3AwFZK"
124,Cole,Studdard,8742 Melrose Parkway,895,cstuddard3f,gR1)9({p=
125,Aluin,Scutter,593 Charing Cross Alley,828,ascutter3g,cA7%aS`j$v
126,Gaylene,Shires,00 Superior Center,529,gshires3h,pZ5%#}o\i
127,Gaven,Timperley,89 Bonner Lane,115,gtimperley3i,pE7}ic__.aO%!
128,Sigismond,Mulqueeny,39126 Leroy Crossing,145,smulqueeny3j,"vG4,9%ofW)"
129,Albrecht,Millgate,6 Nancy Alley,12,amillgate3k,"kI1,1)x14,BYn"
130,Linea,Pizzey,9 Steensland Parkway,468,lpizzey3l,lR4<.%mcl+?h
131,Giovanni,Maine,922 Transport Circle,958,gmaine3m,"bV4""SiyXg"
132,Shawnee,Chilles,51083 Declaration Circle,550,schilles3n,bV5'd`0n|
133,Hulda,Copcutt,2648 Memorial Center,68,hcopcutt3o,rR5'O`J!jm4y{u!
134,Matty,Ruben,5 Melrose Park,406,mruben3p,"xU8.z""kj+t"
135,Zacherie,Fitkin,54 Lunder Court,11,zfitkin3q,kN0&LPq'v
136,Stesha,Attenbarrow,6318 Badeau Plaza,839,sattenbarrow3r,xR2=P6rv/_cREv
137,Darline,Casserly,56986 Hintze Way,963,dcasserly3s,eJ5%1d?$x
138,Zorana,Mordie,88 Hudson Parkway,803,zmordie3t,cD5/qS|H2F
139,Octavius,Longland,660 Park Meadow Street,64,olongland3u,aH7#/byOEU
140,Maitilde,Yosselevitch,270 Delaware Parkway,634,myosselevitch3v,"vA6{zP""aJjRJU@lS"
141,Yanaton,Danihelka,2891 Clove Place,719,ydanihelka3w,uE0@u@OI4(VFa1
142,Akim,Elphinston,6035 Crest Line Parkway,160,aelphinston3x,dR6}wQ<P2l+*pn
143,Barney,Menguy,5 Moose Plaza,191,bmenguy3y,cC2'y!6WImo9*O@@
144,Jobye,Clegg,60 Kim Crossing,589,jclegg3z,"aP9$D$,z"
145,Lawry,Duesbury,988 Oneill Point,883,lduesbury40,iO7%>z1FY'qv
146,Brittaney,Ludewig,8607 Sunfield Junction,280,bludewig41,tG4))i(M
147,Faulkner,Scraney,50 Oneill Terrace,625,fscraney42,cL6+=_g+YDz~(B
148,Lynn,Mees,8737 Mcbride Court,78,lmees43,"tQ6&X>P,i&7$kI,6"
149,Aubrey,Elwin,404 Hovde Lane,326,aelwin44,"iP1,qYVr"
150,Ellen,Blasiak,894 Rockefeller Place,696,eblasiak45,"dY9'!""<6qhg2"
151,Clementius,Aronoff,3077 Kinsman Plaza,686,caronoff46,aC0$kMx%%_
152,Myrle,Partleton,4 Pepper Wood Trail,31,mpartleton47,"cI6=<c""d~'NUCUE"
153,Quintana,Kas,41 Farmco Plaza,43,qkas48,mU0$A&RtF7E
154,Mureil,Huddles,382 Marquette Lane,802,mhuddles49,"zB0\TD""9/4=o?4"
155,Tessa,Goodson,7015 Esker Circle,250,tgoodson4a,kG6~Qf>!X+7w!K@`
156,Johnnie,McLenaghan,4 Muir Crossing,213,jmclenaghan4b,rG6{3\?)8>p
157,Alecia,Bullick,13294 Waxwing Circle,257,abullick4c,fI2+xWh_
158,Milicent,Tomkin,09627 East Avenue,830,mtomkin4d,"kS8>""x,oPr"
159,Peterus,Dunbavin,3355 Victoria Center,553,pdunbavin4e,tT7+SxbC
160,Valentine,Downes,2126 Veith Parkway,573,vdownes4f,uL8<1%<9M1#NH
161,Douglas,Dudman,77 Susan Street,404,ddudman4g,oB9%*D6PFL.&9t1w
162,Kendricks,Orriss,26801 Loomis Street,26,korriss4h,rH6*''F+pLF
163,Lani,Arrault,072 Russell Street,353,larrault4i,nM0$i@YvWo&Kc{mj
164,Dorris,Hesse,6 Monterey Parkway,965,dhesse4j,gS7~)R#|{1pkN~
165,Kerry,Pashen,242 Westport Plaza,90,kpashen4k,gA0%HXyHf4R
166,Zachery,Waller-Bridge,8309 Iowa Center,957,zwallerbridge4l,"xR9$vTV""\l,1E'/p"
167,Leontyne,Harlock,1 Prairieview Center,107,lharlock4m,rH8+cgCLX
168,Charil,Cranmere,80 North Park,732,ccranmere4n,"lF0!a2Ac,aVR{v"
169,Ruprecht,Prester,02008 Brentwood Lane,137,rprester4o,nW2%Q8`L*vU/.2LP
170,Odelinda,Attwooll,2239 Oakridge Drive,570,oattwooll4p,eV5|!\~X)4EBo
171,Ofelia,Shanahan,042 Clove Road,941,oshanahan4q,"fW5,!nDm*G)7Lk"
172,Mandel,Wadlow,21275 Milwaukee Avenue,538,mwadlow4r,yT6`k/JI>)'
173,Merrili,Pierrepoint,4 Twin Pines Center,322,mpierrepoint4s,qW2*{q2c
174,Deonne,Cassley,3515 Meadow Ridge Way,294,dcassley4t,yU1.~OC8@
175,Trevar,Blundan,8 Rutledge Terrace,882,tblundan4u,mX9$_`VAIl&8S|f~
176,Luz,Codman,42 Reindahl Junction,412,lcodman4v,"uF1`z.,1bz"
177,Nona,Satford,224 Corscot Drive,853,nsatford4w,"fE2,<v>6kqG$)GT0"
178,Hugues,Kilmary,1 Cody Way,839,hkilmary4x,"dE9|""%qfp!YIMqB"
179,Felicio,Snailham,77599 Manitowish Court,905,fsnailham4y,yM5@clo<>zGu64!j
180,Willetta,Sandeson,90908 Northridge Park,439,wsandeson4z,yZ1+9VE4{i
181,Darn,Rouff,72922 Westerfield Park,79,drouff50,"uA1,/yy{chN"
182,Kort,O' Shea,5 Sutteridge Center,635,koshea51,"uZ9`s,+z3"
183,Pippy,Marskell,07554 Fremont Terrace,866,pmarskell52,zF1.4bTEQa?
184,Nichole,Armsden,5 Parkside Hill,92,narmsden53,sM6+KcLz?
185,Garreth,Buckthorpe,5 John Wall Court,875,gbuckthorpe54,dN3)OPzL@ck9
186,Sadella,Pettiford,4 Michigan Alley,472,spettiford55,wM5=>IBr$MRJ.\n0
187,Arturo,Rennard,0562 Hauk Center,435,arennard56,vE7(B07bz*LYAl
188,Fenelia,Lewzey,7 Scofield Lane,10,flewzey57,pV9#94@?__&KyT
189,Wadsworth,Oldmeadow,79 Goodland Alley,77,woldmeadow58,rK7>z(tBY
190,Korney,Heaford,9 Fairfield Avenue,990,kheaford59,dZ2.{uk@fJVX>k9
191,Kial,Jerke,54977 Mallory Terrace,658,kjerke5a,kO8=6`Wa11/oD?
192,Delora,Muglestone,8261 Transport Alley,546,dmuglestone5b,iQ5_c!GEUNLc1Q
193,Tera,Shale,67 Brickson Park Circle,340,tshale5c,iB9{0X#5J
194,Gunner,Girod,0 Carberry Terrace,357,ggirod5d,vB6>|6@EeAdqs
195,Lindsay,Dowey,45276 Canary Trail,262,ldowey5e,lK8_>3AR2cOHlh>.
196,Mufinella,Blanden,21072 Hovde Pass,482,mblanden5f,gJ9}))dM
197,Lily,Wastling,97682 Kenwood Parkway,987,lwastling5g,eA8@5jJ*D
198,Ernie,Brash,3904 Monica Way,500,ebrash5h,hN0<cD6=/|L3Zn
199,Emmi,Blazy,6045 Havey Trail,446,eblazy5i,fF4%pt{E)@}t%0Uj
200,Rourke,Memmory,632 Tennyson Terrace,699,rmemmory5j,qW8'}z'WdWBUdR
201,Corine,Puckett,06 Petterle Road,649,cpuckett5k,tH9~Ga@OUy
202,Poul,Flatt,6707 Thierer Circle,737,pflatt5l,qH5}GyKS
203,Jillane,Gilbank,2 Knutson Hill,849,jgilbank5m,cU8)'Q!isQ
204,Devonna,Senn,0280 Manitowish Place,233,dsenn5n,mH0{cb<J/
205,Minny,Bambury,16974 Melby Junction,610,mbambury5o,lI8)lcDs
206,Fowler,Dri,2609 Jana Plaza,180,fdri5p,dD0!xBRr6D=Lgz#V
207,Dyann,Burling,18 Hanson Crossing,311,dburling5q,bP6#9ggm*XN|
208,Mohandas,Le Huquet,69745 Center Plaza,973,mlehuquet5r,"eZ4`""7JZq%"
209,Jolie,Copeland,37 Grasskamp Alley,270,jcopeland5s,"uX3@aUJ,o"
210,Penelope,Bollam,72 Riverside Circle,66,pbollam5t,oR6)1_|3_9vURj7
211,Nannette,Hughlock,4 Linden Center,128,nhughlock5u,oQ9~$K`TERpE
212,Shae,Hollow,1 Rockefeller Junction,241,shollow5v,pA5%W+E<`
213,Marjory,Plante,3 Lunder Center,599,mplante5w,jV8|F~JBrpmw=
214,Egor,Keast,62 Cherokee Plaza,354,ekeast5x,qC4_qQTRDMm
215,Geoff,Leivesley,7 Shelley Point,491,gleivesley5y,wN7#e%IJ1dV3
216,Stephie,Gerlack,75465 Bartelt Park,712,sgerlack5z,"oA1<,""&nuC.*.."
217,Hogan,Carden,56317 Sullivan Center,717,hcarden60,sU8=/VwY
218,Barn,Cockerell,1036 Summit Circle,275,bcockerell61,kT3*#Lz1JM
219,Georgie,Moyers,1 Nobel Trail,183,gmoyers62,lR6_Z\}pJ
220,Elli,Sprasen,154 Crest Line Junction,285,esprasen63,"nA6>,G8t"
221,Hewet,McCloy,06 Browning Terrace,12,hmccloy64,pN2~bFlt!Hx
222,Hilliary,McIlwraith,2 Meadow Valley Circle,992,hmcilwraith65,fY4$(tjnlh
223,Jessalin,Winscum,55 Dwight Crossing,136,jwinscum66,yP6!#x3e
224,Drusy,Brierley,08 John Wall Drive,592,dbrierley67,cK4>Ig2t@+Td!a\c
225,Kenneth,Spoward,312 Warner Parkway,254,kspoward68,yS9<JA_+{t
226,Dino,Markie,75880 Golden Leaf Trail,158,dmarkie69,tI5)P+UJ9l
227,Izaak,Margrem,49 Melvin Way,164,imargrem6a,cW8}9L4T4nr
228,Jenda,Brotherick,5 Nelson Lane,361,jbrotherick6b,"aY1!kRT`=E,"
229,Vivianna,Bertelmot,6 Mariners Cove Trail,714,vbertelmot6c,uM2?$al*.fM
230,Pierce,Whittier,93864 Karstens Junction,55,pwhittier6d,xL0!vdsM
231,Tressa,Redfield,4 Cambridge Trail,357,tredfield6e,vP4*m@rpfL*8/w
232,Erma,Stagg,73942 Eagan Parkway,887,estagg6f,xZ2(?9623QpFmyAB
233,Ilsa,Hinkensen,99716 Waubesa Avenue,54,ihinkensen6g,aM4%3*=&WeA{r.
234,Kizzee,Fidal,5 Sommers Avenue,203,kfidal6h,"pJ1,b3_9Ao!v2vs"
235,Wenda,Riccardo,0725 Sutteridge Crossing,979,wriccardo6i,qZ5%.Bv5\`
236,Minor,Goundry,63555 Crownhardt Plaza,670,mgoundry6j,mZ6$FrJ6
237,Zane,Poulter,98 Prairieview Avenue,958,zpoulter6k,fY9)ghEz~xTRJK%m
238,Zara,Borell,4 Mallory Way,133,zborell6l,"uB4=vnpQ},Ae5"
239,Dacie,Sells,043 Ronald Regan Drive,847,dsells6m,mE8~.`.}
240,Twila,Posten,964 Fallview Circle,957,tposten6n,yR2/*j!=iW'JiK
241,Amandie,Comino,75487 Cottonwood Plaza,654,acomino6o,uM7'Tk~>9C\ZL9d
242,Jerri,Cleatherow,2 Corben Crossing,601,jcleatherow6p,gW1>hP`)Q
243,Hattie,Kwietek,56 Ridgeview Terrace,914,hkwietek6q,lQ4`B~SrNbvR
244,Vasili,Gudd,6166 Main Court,618,vgudd6r,pL1(ndN\tNF~CPm
245,Della,Kencott,93096 Weeping Birch Center,782,dkencott6s,zQ0=m1vKm
246,Nikos,Niaves,51 Schlimgen Crossing,444,nniaves6t,qI4<IlZTW
247,Ailey,Yeates,8 Golf Lane,159,ayeates6u,"uK2,'NXuk"
248,Betti,Cosser,32 Meadow Vale Terrace,546,bcosser6v,bR0!ep.|S1u
249,Brittne,Folder,2 Melby Parkway,447,bfolder6w,"qO3,Bww?cWjE22"""
250,Garald,Cadigan,5 North Point,319,gcadigan6x,qJ6`qnF%
251,Ragnar,Caudell,8 Bluestem Lane,247,rcaudell6y,oX2\6sIe>
252,Humfrey,Shevill,66 Waywood Pass,747,hshevill6z,jI8$iz7$6kn6zi
253,Karney,Fownes,724 2nd Alley,708,kfownes70,bW1/p.Srq
254,Janaya,Clive,7 Shoshone Plaza,626,jclive71,vY8%uc6NF
255,Valentino,Bear,20 Stuart Drive,696,vbear72,"fI1<IpZ(""MT'+zn("
256,Denys,Brydon,80883 Buena Vista Trail,894,dbrydon73,zG4=t>N&aj
257,Wainwright,Doust,1 Coleman Road,992,wdoust74,mC9>CSCPXRwtw
258,Jacquenette,Fawdrie,93 Golf View Junction,412,jfawdrie75,wF9)4i<o
259,Leisha,Trudgian,05 New Castle Lane,343,ltrudgian76,tW9|zM51
260,Geri,Venables,40713 Del Mar Park,861,gvenables77,zW8<Hb0NQ
261,Albina,Brito,63 Del Mar Circle,268,abrito78,oB2+whi<~
262,Bekki,Weight,95 Northfield Circle,79,bweight79,"xU8%Y#,x#*mwP"
263,Bobbi,Filisov,7300 Oak Crossing,328,bfilisov7a,mP5(0_UDqP$J8
264,Waldemar,Norgate,816 Melody Trail,918,wnorgate7b,mL9#b6/~'p4&
265,Dari,Faires,7726 Forest Run Place,573,dfaires7c,dZ0=/%wqmG!LW@|
266,Luke,Bernon,712 Melody Crossing,296,lbernon7d,cV4+#qTZ6h>p'
267,Rossy,MacFall,59 Acker Court,433,rmacfall7e,xR2\@lF3ia
268,Kelila,Ducket,59 Crest Line Junction,637,kducket7f,"qN9\f%inxM,M"
269,Minna,Titmus,35415 Shasta Hill,390,mtitmus7g,sI7=i%zl6(HuDLBS
270,Meredith,Glaisner,8 Donald Trail,218,mglaisner7h,mB5!XY2fH@%9~Hh
271,Averil,Toffanini,5 Farragut Junction,824,atoffanini7i,aR8``vW.a%{8s||`
272,Araldo,Frary,52 Village Green Circle,44,afrary7j,rR9?djO*HSs%Q}
273,Javier,Hinz,32 Stuart Road,961,jhinz7k,aT7|H0y`U=
274,Rafferty,Gershom,14 Ruskin Court,714,rgershom7l,wJ3*?$t%Sb6<'p
275,Archibaldo,Espinosa,44 Hayes Parkway,30,aespinosa7m,pL1)|xs+<
276,Arabella,Jordi,44 Dayton Circle,231,ajordi7n,mE0>$Qjd>T8o{HU_
277,Benedikta,Walch,3 Lighthouse Bay Place,90,bwalch7o,"aZ2(H!_zDWXP""_"
278,Tessa,Warrack,91862 Ilene Parkway,624,twarrack7p,iH5>NZ1la
279,Wynnie,Flack,639 Forest Dale Parkway,914,wflack7q,qQ1+u.b3
280,Javier,Petran,5 Fieldstone Court,481,jpetran7r,"lA6""Pl`h"
281,Debra,Spackman,1978 Clemons Plaza,282,dspackman7s,vM6=vy*rjUy*V
282,Trudi,McLay,28609 7th Trail,952,tmclay7t,qQ3@F3gl?dhu
283,Carmel,Tomasek,07 Basil Crossing,463,ctomasek7u,zD9*m!=$r
284,Madonna,Behling,992 Sage Court,263,mbehling7v,vK8@*BAQc=sk
285,Baird,Earthfield,63 Farwell Lane,752,bearthfield7w,jC3#xF04~@k(}v*b
286,Danya,Needham,84374 Rowland Circle,948,dneedham7x,"tO1(jFVd@,?"
287,Brian,Blasius,5703 Everett Place,839,bblasius7y,mE5@LCrGkkf~c@1
288,Nadiya,Blankman,58746 Boyd Pass,334,nblankman7z,uE8/vQIJC+WQ
289,Maisey,Rehme,19 Morrow Trail,284,mrehme80,xG2`+Q'U$
290,Mavis,Joncic,065 Dexter Pass,51,mjoncic81,dO1>TWPe.
291,Nomi,Harmon,04 Del Sol Point,975,nharmon82,fA7_RJj/
292,Merci,Ruegg,6373 Pankratz Trail,961,mruegg83,"fI9""s)a\o6"
293,Giffard,Joder,037 Warrior Junction,593,gjoder84,mW4#Txp%s{YT
294,Shawna,Kubera,503 Lakeland Road,730,skubera85,bC5@I<B%Ir
295,Rudolfo,Odeson,9482 Lakewood Trail,462,rodeson86,uM9?0I0dEh|})7\
296,Callie,Mohamed,69 Macpherson Park,761,cmohamed87,nM5'e<o9qqm7
297,Agretha,Dreher,25 Katie Plaza,605,adreher88,fS9/%#61z!6$*4?
298,Kip,Mosson,8747 Tomscot Park,589,kmosson89,uP9%NFUE
299,Ricard,Rubes,78298 Shopko Road,158,rrubes8a,gI7/AHLq{www~v
300,Julieta,MacGahy,9415 Golf Course Point,448,jmacgahy8b,"kK4/n,<""A+'D2>?"
301,Rey,Hoolaghan,390 Vidon Pass,886,rhoolaghan8c,mY3|sKVnGSlF
302,Kania,Dhennin,43554 Spaight Point,154,kdhennin8d,rK2_g0J2<Z.
303,Patrizio,O'Fallowne,6621 Mallard Drive,972,pofallowne8e,hN8%o'>sBZ8<.O0q
304,Ileane,Burberye,65222 Dunning Lane,74,iburberye8f,bX2_@w%g#Z1l%X
305,Mae,Castillo,0 Forster Point,575,mcastillo8g,bZ1<WIUmPJx
306,Skipton,Rego,1775 Gateway Parkway,377,srego8h,"bQ7`l#d,C*o3T"
307,Andrei,Yielding,57 Onsgard Junction,208,ayielding8i,aA5.g5'PB@yymZRc
308,Lenette,Grewe,90 Nancy Street,405,lgrewe8j,"mT5(e_VAhBFJ!c,"
309,Llywellyn,McLeman,709 Twin Pines Circle,472,lmcleman8k,fT7{#mSA3
310,Zaria,Caltera,941 Cambridge Center,799,zcaltera8l,dJ7'lOFR2Qy
311,Elsworth,Venny,3310 Ludington Park,397,evenny8m,nS1@nibX
312,Sybila,Riggott,1 Granby Road,214,sriggott8n,wG2`R!i|'K<F1480
313,Harland,Bellerby,0608 Erie Street,611,hbellerby8o,"uV0""PIu1I1mhWRF"
314,Eadmund,MacGilmartin,14781 Veith Drive,594,emacgilmartin8p,dI9+o<CP{i)=q`
315,Justino,Angood,670 Macpherson Point,145,jangood8q,"pU8'U#,08smN="
316,Abe,Cobbledick,85 Dottie Circle,50,acobbledick8r,pQ6|g0d\y)NRm0
317,Auberta,Thornewell,0 Monica Pass,212,athornewell8s,gH5$n#Ld
318,Christine,Lye,27408 Stang Drive,972,clye8t,zM7{h%14d
319,Dougy,Philcott,0077 Bartillon Alley,728,dphilcott8u,pS1'Ql~J6IRc
320,Neall,Acosta,0 Bluejay Road,876,nacosta8v,xQ3$o~D4i3@1z
321,Tito,Realph,91 Vahlen Road,503,trealph8w,xG4<R%u&
322,Emlynne,Amyes,5992 Oneill Avenue,537,eamyes8x,wL8?2kH.V||{{S9
323,Michel,Kennally,731 Tony Circle,157,mkennally8y,mS3?X+3?mZU\B{f9
324,Jaymee,Kensett,2 Westerfield Point,379,jkensett8z,vS7~2E=*EYuG!%5
325,Ingeberg,Spirritt,4 Killdeer Drive,240,ispirritt90,"vJ4,0o*L"
326,Serge,Ferdinand,11563 Nancy Road,807,sferdinand91,fA8<gy.)
327,Jennica,Ciccottini,3 Melody Street,216,jciccottini92,"jQ2"".KQ+l3@"
328,Skelly,Guerreiro,123 Mifflin Center,910,sguerreiro93,"vF8=MQ,//E2r"
329,Raimund,Readshaw,837 Maryland Hill,689,rreadshaw94,"kM6,2S3I5u"
330,Maridel,McKeon,56 Drewry Pass,156,mmckeon95,kD4).55q<X%'?cr
331,Michel,Stuck,9 Gateway Way,478,mstuck96,dN0{wHcn\M
332,Davey,Gaine,0 Clarendon Park,986,dgaine97,sX7#RU==
333,Valentino,Volonte,31630 Express Trail,211,vvolonte98,pQ6%@R3Xz|
334,Cleveland,Scougal,0 Clyde Gallagher Center,626,cscougal99,tS4$z%}v+e'n{s
335,Dominik,Skae,55 Spaight Terrace,400,dskae9a,"hC8?4""i/$dw<Cu"
336,Elene,Liffe,419 Village Green Plaza,790,eliffe9b,kT9|L$Lq+Q<)vZo
337,Ernst,Garlette,26318 Nancy Way,541,egarlette9c,"oA2>jl?A>Y,EOHo|"
338,Marcel,Reuven,282 Magdeline Pass,233,mreuven9d,lU7$VF%8/Qvl7
339,Lorry,Coll,307 Monterey Drive,87,lcoll9e,tH3`/)xf_Q
340,Alwyn,Grimsdell,378 American Ash Junction,196,agrimsdell9f,jJ8~f9x)&P&<1Q6
341,Abbe,Farragher,784 Gerald Way,951,afarragher9g,nG3/wKQx8>ZJO
342,Hillary,Rhucroft,36409 Columbus Park,774,hrhucroft9h,"kF9&&+.>S"""
343,Melania,Adger,8108 Sloan Junction,230,madger9i,"iZ3&,OKD6"
344,Glynda,Pearmine,8 Forest Circle,868,gpearmine9j,jT9?z+7u>/X{n?U
345,Ethan,McKelvey,47283 Algoma Terrace,564,emckelvey9k,"hQ3/F'4UGYQ_,~""K"
346,Giovanna,Ducastel,80 Northwestern Avenue,322,gducastel9l,kH0~=N<21Hc
347,Abbye,Tibbles,8 Granby Alley,617,atibbles9m,bR4{RaK.'cJSF'
348,Mortimer,Spinello,4 Maywood Crossing,384,mspinello9n,zC8.6T|~N>cxQ9}
349,Morgen,Coghlan,45 Hudson Junction,573,mcoghlan9o,lU5#?iPenXRq
350,Dorie,Jevon,7974 Birchwood Street,226,djevon9p,bP9~L!V)3J}ut7
351,Clovis,Siaspinski,560 Homewood Way,757,csiaspinski9q,vW6<5<qN}
352,Sigvard,Pendleberry,6171 Service Place,267,spendleberry9r,wS3(&hGffdC
353,Cati,Panas,1 Fairview Avenue,21,cpanas9s,zV8>4y_$8
354,Tamma,Parramore,87 Eagle Crest Place,446,tparramore9t,iZ8?6KbMe+U~
355,Shurwood,Grishunin,46 Cottonwood Lane,309,sgrishunin9u,bH4$(6UQU
356,Thorvald,Flatley,91 Judy Street,534,tflatley9v,"dA4=8?C.JW""iYB`"
357,Aimee,De Banke,100 Iowa Circle,501,adebanke9w,zA6$A0e|*D?.
358,Dukie,Tixall,41 High Crossing Road,464,dtixall9x,mZ0+_EU1Cp+
359,Carmon,Jeckells,26 Northridge Plaza,336,cjeckells9y,gB9.B)/r6Q$V2\
360,Henrieta,Woollard,93832 Starling Place,49,hwoollard9z,wF8_c2N}9tn)Q&4G
361,Alexandro,Topliss,6395 Messerschmidt Hill,839,atoplissa0,vL2#T#w+8n{NYy
362,Verine,Bartel,25164 Talmadge Trail,364,vbartela1,"eE7|{h$3""`SQ"
363,Othelia,Woller,22 Service Drive,543,owollera2,vW2}dr/5%LLNMv)
364,Janina,Thomerson,6683 Corben Point,718,jthomersona3,cZ1}Cvd@OyVF_
365,Marnia,Cumbridge,4 Roxbury Hill,140,mcumbridgea4,jJ5@*hy2&bm\_W)f
366,Jorgan,Cato,49348 Florence Alley,17,jcatoa5,kE5}oEBj/w50Y
367,Melloney,Growden,4280 Rieder Hill,789,mgrowdena6,"qG2\k4,C}aL5E2"
368,Stephanie,Dumbarton,104 Sauthoff Court,354,sdumbartona7,"pC7!.wb4"""
369,Harry,Tremoille,0814 Green Avenue,80,htremoillea8,wB3@vhlsjNXmPc_
370,Boot,Naire,3881 Merrick Plaza,929,bnairea9,"pS9@%zD9,VIzl=6"
371,Johann,Slorance,5 Di Loreto Avenue,713,jsloranceaa,yS9*ZJ%11mVar
372,Alden,Brenard,4 Di Loreto Road,107,abrenardab,kF5=eZ5B2\N
373,Fairleigh,Dowling,2 Golf Course Avenue,693,fdowlingac,eU6'VIPk/V
374,Amii,Escoffier,84 Heffernan Terrace,616,aescoffierad,qQ0.{d`=sQNd''
375,Dolores,Holtham,325 Paget Road,630,dholthamae,fA6~7`|GH*oy
376,Felita,Glaum,61 Sutherland Park,728,fglaumaf,sL8>YW%jT
377,Lea,Muzzi,57 Drewry Way,448,lmuzziag,"iM6,s4X3!n+"
378,Britt,Mallabone,747 Memorial Parkway,449,bmallaboneah,wQ1/JOOT(?lR*7u<
379,Wilhelmina,Hedden,4720 Fallview Lane,780,wheddenai,iU2?4Xx2v`+
380,Jeanelle,Jeffcock,11 Eagan Center,668,jjeffcockaj,wJ6~f?e<8nJAH<
381,Allix,Tolomio,79183 Iowa Parkway,633,atolomioak,"yS6""U7Us%\IW"
382,Mallissa,Snaden,53 Bultman Trail,874,msnadenal,vG2>3`Vl7|1AIG/
383,Rosaline,Steven,060 Aberg Center,634,rstevenam,"tA8>TPS>&a""#sz"
384,Kylie,Whiff,0 Ridgeview Court,779,kwhiffan,"yF2""6RG&"
385,Coral,Tommasuzzi,500 Sachtjen Center,212,ctommasuzziao,oO4\yj>RfSl.cVD
386,Almeta,Ackenson,1524 Sutherland Plaza,263,aackensonap,hU0>ApW/'dmcC/ys
387,Thadeus,Ciccottini,3365 Parkside Point,382,tciccottiniaq,rE1\@/U%c
388,Celka,Denk,21586 Atwood Circle,312,cdenkar,cS2#n|Vz~*/
389,Dylan,Marton,0 Meadow Valley Street,44,dmartonas,"yL4+,x!d.~O6nJX"
390,Elwyn,Bode,620 Heath Avenue,313,ebodeat,xB3`0g1+VKKAWiI
391,Zitella,Vowels,5 Texas Parkway,492,zvowelsau,"jO1$EH|F"""
392,Reeba,Pechacek,1022 Kipling Street,93,rpechacekav,gZ4.SPh$ZI1_
393,Burr,Lake,46 Stephen Way,69,blakeaw,lR1'@I.sTc
394,Florry,Byron,28724 Saint Paul Circle,784,fbyronax,nA1.$t+l?=e9
395,Heath,Galiford,99 Welch Avenue,265,hgaliforday,yK2>a)}?nW
396,Melodee,Hayer,556 Hudson Court,298,mhayeraz,lW7!?RjN?7$D}
397,Leo,Merle,03 Scott Park,331,lmerleb0,qD0+R907JvNC6f
398,Leia,Brimm,6 Judy Street,401,lbrimmb1,zA2+kBy+r8p8mWW
399,Joelle,Rangeley,518 Luster Center,670,jrangeleyb2,eW5?4%RJa7t>n
400,Cele,Terris,47 Sycamore Crossing,225,cterrisb3,"zA3""hvHBg5\ClL"
401,Darsie,Tomsu,72546 Scofield Crossing,18,dtomsub4,pJ9=1}lO/p<t
402,Priscella,Kittley,35607 Elmside Lane,349,pkittleyb5,"mR9`k,`0/{="
403,Modesty,Furminger,7943 Brown Way,545,mfurmingerb6,pT5(_Nca
404,Lucienne,Deniso,4980 Debs Plaza,866,ldenisob7,vD2+BJsv
405,Philipa,Pegrum,07 Oak Hill,760,ppegrumb8,hU2|cKsn23
406,Pam,Jostan,582 Artisan Terrace,432,pjostanb9,zT8_i39?
407,Warren,Clethro,07490 Spohn Park,290,wclethroba,"jO8(Ae5N,"
408,Helen-elizabeth,Allbrook,9168 Cherokee Avenue,463,hallbrookbb,eB4!'OL_dHR${*B
409,Tara,Talby,0 Lotheville Parkway,342,ttalbybc,fQ5)=F$i8\
410,Nessa,Vain,3658 Spaight Road,165,nvainbd,sK3.$Dv7'!0}
411,Alexandra,Marmyon,1 Mallard Road,336,amarmyonbe,"kZ2+.0""hs=/&P"
412,Sol,Pockey,771 Debs Park,649,spockeybf,aH2=njWU|CE
413,Tomlin,Meeron,3 Londonderry Drive,38,tmeeronbg,"xD4!OT""/k2"
414,Lyon,Caldicot,2603 Lakeland Court,66,lcaldicotbh,"pR9!|pP"",dZL"
415,Fredi,Lewson,83 Cottonwood Circle,208,flewsonbi,"uY2\X.H_**,5E@$)"
416,Gasper,Laight,08 Glendale Court,808,glaightbj,"dW9,A$&z0"
417,Scarlet,Crummie,43161 Doe Crossing Lane,93,scrummiebk,cN1@C5$uDp&
418,Ellene,Trowsdale,82 Merchant Hill,56,etrowsdalebl,nQ6!L2M(7kBr*%Lb
419,Mayne,Mant,2 Hayes Lane,40,mmantbm,bH4={5{vP
420,Margarethe,Dorricott,91390 Randy Park,563,mdorricottbn,aH8?K!tl}8
421,Clim,Button,60944 Clove Plaza,861,cbuttonbo,iG1+{w!fw<j!Gg
422,Fredericka,Milthorpe,61214 Lakewood Junction,482,fmilthorpebp,tV5*BE~CdfO
423,Deena,Ganforth,7 Rowland Junction,233,dganforthbq,zS4/alo$rvr?=
424,Jon,Lammin,5 Grover Way,571,jlamminbr,"vB3%leB""nP7={D{@"
425,Gabrila,Hyder,002 Fairview Point,245,ghyderbs,"kP7$}hB,DLSvC"
426,Georgina,Vanacci,8 Kipling Drive,729,gvanaccibt,cS3<ugf4!x
427,Lucas,Seyler,05 Oakridge Junction,37,lseylerbu,iN0=QHtJ
428,Brietta,Haselhurst,2114 8th Trail,753,bhaselhurstbv,kS7?x#br=
429,Felice,McAtamney,7432 Forest Junction,971,fmcatamneybw,zI2#qPX6w
430,Guss,Pitbladdo,9 Swallow Point,98,gpitbladdobx,vC7>?sJeSS&&ePU%
431,Dimitry,Goscomb,837 Portage Court,751,dgoscombby,"uP1*\z3J'{PD`,1"
432,Zebedee,McQueen,03769 Northfield Avenue,567,zmcqueenbz,wK6.CJ@/MwlkqAdi
433,Sanson,Heakey,5364 Scott Hill,164,sheakeyc0,"sV5!O*ZAP2qU$&,"
434,Koenraad,Campion,53098 Fairview Park,811,kcampionc1,"xU1+>,HcY6~"
435,Yorgos,Pridmore,006 Golf Course Circle,584,ypridmorec2,dL5}o36hiz
436,Floyd,Tulk,80498 Upham Junction,844,ftulkc3,tO2\yzi>$xNLT2C)
437,Lonnie,Piccard,6 Talisman Center,516,lpiccardc4,"eC1)ZwM_wp,"
438,Herman,Whitemarsh,195 Pennsylvania Avenue,834,hwhitemarshc5,zX7`uM~yGm
439,Nadean,Van der Beek,38876 Clove Lane,587,nvanderbeekc6,wG6{{DRj0Qi?T/Co
440,Neddy,Dewhirst,332 Pine View Place,694,ndewhirstc7,fW5*92<2LEcZl+
441,Garv,Barnewelle,4486 Butternut Court,552,gbarnewellec8,lM2&{_mA=SWZ
442,Edgardo,Mouth,396 Calypso Terrace,334,emouthc9,mS1?f6QI~wH
443,Chan,Brompton,8 Paget Park,989,cbromptonca,aA9+@T&gshOJ2q10
444,Bartolemo,Hacquel,9 Clove Pass,175,bhacquelcb,xO4.='EJ|$P
445,Millard,Gorries,68 Dapin Plaza,325,mgorriescc,uZ6<PN)yc&MM
446,Caye,Chevin,44984 Loftsgordon Parkway,426,cchevincd,kC4<hI(~'%
447,Lizabeth,Stabbins,68364 Vernon Pass,681,lstabbinsce,kJ3|T+VV)+IH_OI
448,Ellary,Klimkovich,9771 Katie Circle,313,eklimkovichcf,cW1\B*N3YO
449,Kathie,Armytage,5 2nd Court,276,karmytagecg,xS7=WJ@zaqj=8al.
450,Sunny,Dmitrievski,4 Colorado Trail,268,sdmitrievskich,iM4<!u(UEm
451,Bette-ann,Bartleet,219 High Crossing Lane,839,bbartleetci,uX6%o0yM~&aEcg1
452,Ryley,Tripett,5 Vera Court,833,rtripettcj,vU0!85FAzNf
453,Corina,Milington,0146 Sachtjen Pass,125,cmilingtonck,xS6%yM*R3
454,Antons,Dyerson,09596 Mockingbird Alley,1,adyersoncl,"qJ4""`C'R=mYm"
455,Gabriel,Berrygun,821 Ruskin Drive,394,gberryguncm,uM4+5@T7J
456,Enid,Marsden,6815 Bartelt Terrace,602,emarsdencn,zV9)0AED?b
457,Joni,Beynon,58 Anniversary Hill,859,jbeynonco,pE1)yZX{bDu7zwi
458,Ravi,Lampart,50426 Karstens Court,968,rlampartcp,fY9{Aki#Nj7h.)e
459,Billie,Bugg,29848 Dayton Parkway,715,bbuggcq,eO0>v_UK\s
460,Blayne,Mattke,6802 John Wall Park,752,bmattkecr,iO8/=ydyG
461,Ellsworth,Grigoli,28745 Ronald Regan Alley,902,egrigolics,gC7=!gBFP|`
462,Lombard,Eubank,7898 School Trail,890,leubankct,cA8$p%snJCgu4jB
463,Cathrine,Attwoul,6112 Troy Way,9,cattwoulcu,fW4\|+.X$5T
464,Sonny,Sanper,098 Namekagon Place,896,ssanpercv,rD5&m*UXf
465,Trude,Pester,7133 Roxbury Plaza,827,tpestercw,jS6/2H'5
466,Doralynne,Fancourt,001 Schmedeman Lane,506,dfancourtcx,jU9#_wPbgnS`u
467,Gerhardt,Willcock,015 Jana Court,559,gwillcockcy,zD8(1+y1
468,Lucias,Cocker,8322 4th Way,709,lcockercz,fT7|5i&BrWz)1#
469,Horst,Witherbed,230 Texas Avenue,248,hwitherbedd0,vJ1}RwluD$
470,Laverne,Tomlin,92109 Weeping Birch Alley,777,ltomlind1,fW4}/kkdW<>
471,Gianna,Richardsson,50169 Carey Place,9,grichardssond2,aT0&PD%J
472,Sheelagh,Auchinleck,77295 Donald Junction,179,sauchinleckd3,"pL7>Eo""oL"
473,Vickie,Slipper,4564 Lindbergh Center,208,vslipperd4,oU0_YrKI
474,Hersch,Albrooke,43145 Prairieview Lane,142,halbrooked5,eO8@R0SuUt+3h.
475,Glori,Effnert,2 Charing Cross Way,744,geffnertd6,"pS9|,dAi!S6_'"
476,Sigfried,Rodgier,338 Arapahoe Street,881,srodgierd7,"lN7'6%hTd,t~D@"
477,Hayes,Blackbrough,99 Lien Alley,452,hblackbroughd8,xE5<@WcEh
478,Shawn,Logie,743 Heffernan Alley,42,slogied9,hT0%GM#++/$WL8?L
479,Terese,Fould,39 Main Road,103,tfouldda,oE1>=pwvX>`*H
480,Kattie,Toderbrugge,2 Fulton Pass,725,ktoderbruggedb,nR9`9$58e
481,Paddy,Howarth,40 Sloan Lane,858,phowarthdc,"jE1<""mfH6Y!W#a{"
482,Blondy,McGee,027 Sage Park,207,bmcgeedd,qY1(teL$n~x+
483,Gaelan,Mackley,15 Orin Alley,44,gmackleyde,"lH8#&6,%FnJ'_"
484,Gearalt,Madrell,9386 Thierer Point,309,gmadrelldf,hF6!S5Qga0U
485,Jerri,Brahams,0 Grayhawk Drive,765,jbrahamsdg,"yX4,@Tz|t"
486,Lexine,Benediktovich,57501 8th Drive,135,lbenediktovichdh,sJ6'\8G%{$
487,Samson,Rumke,2628 Anhalt Parkway,486,srumkedi,pH8>>LuoE
488,Torrence,Lenard,53 Debs Place,353,tlenarddj,oQ7@Y1MG'{
489,Elissa,Upjohn,02240 Meadow Vale Road,332,eupjohndk,"vZ1)O""h."
490,Madella,Bastistini,22 Pond Alley,341,mbastistinidl,"dU7&z$oA2+rb,MA"
491,Maximilien,Thackham,12078 Vera Parkway,337,mthackhamdm,xP8`}+S>
492,Daile,Dauney,3838 Lukken Circle,96,ddauneydn,oE7}pvrRY
493,Saunderson,Varian,47386 Amoth Drive,821,svariando,rN7#8Nwph#tNY
494,Ancell,Judson,16120 Hagan Trail,70,ajudsondp,kA5<e_M'9p|FD(v\
495,Wat,Jancik,056 Sauthoff Plaza,679,wjancikdq,aV1+pB$bc@
496,Sloane,Gouinlock,0422 Rieder Place,265,sgouinlockdr,mI4+H0p&2yN
497,Maridel,Preedy,063 Myrtle Junction,535,mpreedyds,cA5<GtAlqnJR
498,Mikol,M'Quhan,66 Dwight Junction,251,mmquhandt,mX1#/j@M2Fh{LeH
499,Dinah,Cianni,542 Bonner Way,506,dciannidu,sX0(32dF
500,Sib,Joskowitz,1 Autumn Leaf Hill,49,sjoskowitzdv,zG6)'}S(~UP
501,Miller,Fursey,155 8th Avenue,671,mfurseydw,"cU9,KB,.3"
502,Domenico,Mattusevich,88 1st Alley,645,dmattusevichdx,zZ1=TURf
503,Michell,Giacopetti,56 Anthes Court,907,mgiacopettidy,uB8.~AJ@A!#g{Khv
504,Zachery,Mancer,682 Bluejay Court,234,zmancerdz,kW1/1t4&mrg0b
505,Brianna,Dix,08 Lighthouse Bay Drive,519,bdixe0,jZ1<3xwyLGA
506,Aeriela,McAless,957 Farragut Plaza,508,amcalesse1,"hW9""ieBFR4$)"
507,Natalee,Toun,8524 Lyons Trail,332,ntoune2,kT5`1t9CW
508,Temp,Lunk,74192 Arizona Plaza,368,tlunke3,pH8|dGnpT
509,Gilligan,Dignall,1349 Warner Crossing,615,gdignalle4,mV4'6WqvQg
510,Shandy,Shafe,693 Blaine Road,946,sshafee5,vK3`}zpC'1n
511,Odo,Coulter,02 Anhalt Hill,35,ocoultere6,wO0(b2G(w
512,Bartholomew,Gallahue,491 Rutledge Center,511,bgallahuee7,nP8`Dsz|
513,Inge,Girardey,009 Kropf Terrace,947,igirardeye8,yS1=9E1>W_qY?$rM
514,Kermy,Clausner,717 Harbort Place,683,kclausnere9,hR1/_CGtx
515,Syd,Androletti,908 Dexter Court,434,sandrolettiea,"pS1+7""E7dTJ"
516,Callean,Catherine,3 Nova Center,67,ccatherineeb,tN3>8MsXQ
517,Rorie,Nurden,7787 Reindahl Parkway,534,rnurdenec,lW8_D8!DM
518,Anjela,Kurton,9811 Muir Terrace,74,akurtoned,mM7`c+Gj*vs.j_y\
519,Nikolaos,La Grange,592 Hoepker Way,763,nlagrangeee,bN3%$!ZLD08v}a+k
520,Phillip,Longthorne,180 Kedzie Plaza,505,plongthorneef,gD8?tLW{jdYWM
521,Erma,Zamboniari,8 Pankratz Parkway,892,ezamboniarieg,"yM8?,m?y"
522,Norman,Joselevitch,9359 Coolidge Parkway,61,njoselevitcheh,xS4*SFLf3#)Db
523,Berkeley,Mossbee,96489 Barnett Lane,143,bmossbeeei,hQ1`2=!j{Zj
524,Reiko,Messer,4585 Nobel Terrace,888,rmesserej,bI0{\sO|s9{#/
525,Anitra,Beckitt,5 Tennessee Pass,557,abeckittek,rU2&Lt08
526,Rikki,Errowe,3494 Kingsford Place,889,rerroweel,kH1'R$%x*$qp=I
527,Fawnia,Haughey,86 Upham Avenue,281,fhaugheyem,rG0+(B+DOgH##)(
528,Ethel,Mathissen,17 Victoria Drive,898,emathissenen,cA0=aJ_cN|cwb<d
529,Thor,Dorrian,6295 Autumn Leaf Point,955,tdorrianeo,bB5#Y2GzLow!1xx
530,Aguistin,Chevis,02844 Cardinal Road,563,achevisep,zS2.fjg>C}ItS\go
531,Yolane,Wagstaff,6 Milwaukee Hill,726,ywagstaffeq,oP9|eY2ac9VV
532,Lacey,Ballance,3 Dunning Place,355,lballanceer,sX2%Nny8wn4)jaqx
533,Lenka,Wellbeloved,3 Meadow Valley Crossing,63,lwellbelovedes,bB7@N?e3Tf0#su.
534,Winny,Gotling,6609 Garrison Street,350,wgotlinget,"vK7!BB<F3|P""i$,R"
535,Forster,Ianiello,9465 Clemons Crossing,484,fianielloeu,"hC3~{,we8&oR*9"
536,Mathe,Burgane,89 Sunnyside Avenue,920,mburganeev,cE1>cA8C
537,Marleen,Topley,50674 South Plaza,317,mtopleyew,pU7_4mcs
538,Ana,Scatchar,34 Jackson Parkway,699,ascatcharex,"yF8""FS<D0"
539,Thorndike,Questier,1803 Kedzie Junction,263,tquestierey,yE7\t%e/BO~&@<W
540,Florence,Tilt,97678 Roxbury Lane,719,ftiltez,"tP6""'rP1"
541,Marquita,Atthowe,7 Lerdahl Plaza,957,matthowef0,vM9%0MsJS/lxS/i_
542,Gene,Heal,53 Derek Plaza,62,ghealf1,gJ1~zZ0WMp|1
543,Walliw,Greetland,2 School Circle,420,wgreetlandf2,"mM6?E/.p@,o"
544,Kaleb,Epinay,95 Eastwood Point,113,kepinayf3,vN5>m\IJ2x
545,Fredrika,Gilstoun,01135 Hanover Lane,593,fgilstounf4,fO2~(ZH\/
546,Gallard,Pettit,668 Old Gate Drive,378,gpettitf5,rJ3(1wZ%R
547,Sacha,Eivers,74 Claremont Parkway,329,seiversf6,kO5|%O>`}
548,Garret,Biddulph,16 Banding Plaza,232,gbiddulphf7,mY1|}81Auo`QG
549,Fifine,Hember,3 Aberg Trail,779,fhemberf8,hD1.pjV*Z\I~MVN
550,Pincas,Plose,5 Delaware Center,634,pplosef9,hE9=2VD{?(KaV
551,Kate,Gibb,171 Gateway Crossing,994,kgibbfa,zV9=avAo?jm8
552,Yurik,Tollerfield,4570 Bartillon Park,960,ytollerfieldfb,xW9_$xau&
553,Ruth,Metson,61939 Calypso Avenue,20,rmetsonfc,yQ5~tXJ+
554,Dillon,Beck,0338 Pawling Parkway,539,dbeckfd,bB6&zTM<_A4xGa
555,Pauletta,Bostock,414 Jay Avenue,734,pbostockfe,jA3\mwyP(nvb)5G~
556,Jacinthe,Flecknell,6 Meadow Valley Trail,221,jflecknellff,"fC0&yH.T""lxs7"
557,Zerk,Passmore,45286 Bayside Circle,272,zpassmorefg,zR9'8/hG&
558,Ree,Tomkys,39681 Pierstorff Road,16,rtomkysfh,"yE1,yCwlWf.iUOq"
559,Faythe,Bellwood,036 Manley Pass,876,fbellwoodfi,"dQ1_""YH8g"
560,Dale,Dyos,664 Blaine Hill,474,ddyosfj,"zT9_a""2!)?}tEK$m"
561,Aron,Sleightholme,12 Debs Way,221,asleightholmefk,"eJ7+M""A%=4Oy2@"
562,Valery,Buchanan,38097 Dottie Drive,827,vbuchananfl,uN8}Z7YmB
563,Langston,Lowless,03 Nancy Place,588,llowlessfm,nU5(JwWOn|TT7%/m
564,Nichole,Kinastan,0845 Valley Edge Road,201,nkinastanfn,"iQ8,?dEk|lo"
565,Tait,Biesinger,465 Thierer Terrace,661,tbiesingerfo,"iT8~6/=q@y"""
566,Maud,Alvarez,95 Debra Junction,586,malvarezfp,vG6}nT!XsZr
567,Whittaker,Broadhurst,03 Homewood Parkway,309,wbroadhurstfq,"pV5,%@0=XO$"
568,Vida,Odell,19 Quincy Center,670,vodellfr,cX9'x~{*7}unl/~'
569,Agneta,Koop,78 Hovde Court,638,akoopfs,bB1\T4hT*IW4k%~
570,Elvin,Dowall,9 Clove Crossing,604,edowallft,lX4$C'sx)
571,Bertie,Kohneke,21 Garrison Trail,62,bkohnekefu,mL1<Tcz&\QbJ
572,Florenza,Olivet,99052 Moland Center,592,folivetfv,cS8#NiXmYsD3n`.F
573,Erwin,Pierucci,25414 Marquette Point,703,epieruccifw,fC8(<%bdd
574,Bogey,Paslow,257 Warbler Street,625,bpaslowfx,"nH8@q,gckTtLg+&P"
575,Jessee,Farress,40161 Clyde Gallagher Place,96,jfarressfy,iE7(8dVFf
576,Dennison,Ambrogioni,4772 Talisman Road,489,dambrogionifz,rD2%|4?MO9g()q
577,Terri,Pengilly,02 Declaration Plaza,336,tpengillyg0,cY6`z*3{
578,Norene,Sinden,08 Loomis Alley,893,nsindeng1,kK0.RDj87|RD7/
579,Jodie,Steinhammer,81 Hauk Parkway,172,jsteinhammerg2,fO1=eJ=.FHQv?LV
580,Fayre,Kristiansen,402 Garrison Parkway,10,fkristianseng3,hP2.%h`hhL
581,Kendell,Parham,9132 Portage Terrace,457,kparhamg4,"fH8#GuerG\""9so.Z"
582,Jilly,D'Ambrosi,850 Ryan Hill,729,jdambrosig5,wW1<BWr#\2.
583,Ev,Harler,3178 Summit Alley,59,eharlerg6,fC6$><k6cqr#
584,Nichole,Britney,84542 Mcbride Circle,348,nbritneyg7,vQ7|yEDx0'K
585,Bartholomeo,Shortcliffe,7 New Castle Drive,776,bshortcliffeg8,zK6)wF4|
586,Stu,Munehay,9101 Riverside Crossing,48,smunehayg9,oE7`2O%iK2ZqVf+
587,Irita,Wandrach,36965 Hauk Pass,989,iwandrachga,vQ6%11?|4@bw
588,Pippa,Ventum,0509 Chive Pass,287,pventumgb,"iN5,`(pNjOA"
589,Abbot,Marques,58166 Hansons Crossing,932,amarquesgc,"sA0.,n\%(v4FJ_Mx"
590,L;urette,Hovard,85 Cascade Plaza,310,lhovardgd,oJ8`)(F?0.Y
591,Roi,Trevarthen,499 Calypso Street,362,rtrevarthenge,wB4&.3MAEk?(3HOA
592,Franciskus,Myton,96457 Summer Ridge Road,41,fmytongf,rJ3*Y5J'xQ+
593,Marget,Athowe,71577 Magdeline Park,194,mathowegg,mE6'gRZsZ+F
594,Steve,Golling,93 Clemons Avenue,307,sgollinggh,dL1+/p)8?Yw~P
595,Tyler,Shave,9 Oak Valley Trail,593,tshavegi,"gU6,*JiWZ"
596,Foster,Imm,249 Sutteridge Pass,268,fimmgj,tF3$7&Z6}_'{54
597,Abey,Salla,7 Straubel Center,528,asallagk,sX0)Yz>eHP=rLKoy
598,Krystal,Yourell,761 Twin Pines Trail,104,kyourellgl,dN1!3}%PR52b!
599,Julius,Kruschev,5460 Vidon Drive,625,jkruschevgm,zO0|{g1`InR
600,Neila,Float,78 Mayfield Park,400,nfloatgn,lO6&`ffaNWy3
601,Karlan,Fernez,0 Mockingbird Hill,699,kfernezgo,aH9'mo5zZLQ=(p
602,Tamar,Stille,45722 Commercial Park,924,tstillegp,"zZ8$iGZT.J,B{"
603,Evelyn,Patsall,31203 Prairieview Lane,6,epatsallgq,nS6|+Pyn%LBa#
604,Korella,Dodsworth,6279 Stoughton Road,639,kdodsworthgr,"wE9,3i3Sn3065zuT"
605,Waylen,Di Iorio,95722 Orin Parkway,357,wdiioriogs,fK6$)qv}1}Tri
606,Gianna,Sharpe,42 Towne Hill,167,gsharpegt,qY8{FBeLl>wi$*y%
607,Belia,Winchester,5 Canary Alley,904,bwinchestergu,nX5`8kSB7=Zyja'
608,Sylvester,Reboul,58503 Bay Road,784,sreboulgv,iT6`>ewe3VwktL
609,Jeremias,Nowaczyk,66 Hovde Street,251,jnowaczykgw,aR0+JHHT
610,Killy,Renihan,7 Prentice Pass,889,krenihangx,wB3\ssuee50k(3
611,Loni,Simnell,96369 John Wall Road,655,lsimnellgy,tI1(iiU<
612,Luelle,Caccavari,2 Warbler Alley,467,lcaccavarigz,qR5$#ja.|3Gqn
613,Harmonie,Kornyshev,7 Bashford Way,77,hkornyshevh0,sF4&*vz!v8%gh
614,Krystle,Bulford,8 Bartillon Street,813,kbulfordh1,yL2=mO@FDH
615,Gerald,Turner,86824 Hudson Point,224,gturnerh2,eL1@hPpoQjRM>
616,Tomas,Langelay,9 Southridge Crossing,549,tlangelayh3,"vF0~Y'!O|)Jrl"""
617,Skip,Bensen,6 Dixon Terrace,930,sbensenh4,uN7`Jb.ELi9xhDy&
618,Pablo,Geare,9768 Mallard Place,150,pgeareh5,qB2{Ke$>kzpS6}aU
619,Willamina,Park,36 Barby Center,221,wparkh6,hU2_Im>K5FibL<NO
620,Susi,Smallridge,68179 Lotheville Court,506,ssmallridgeh7,jZ6*|.&Plq
621,Bobbette,Anderer,75298 Cordelia Junction,255,bandererh8,gC7+qN?Ld
622,Renaud,Amsberger,74243 Mcguire Road,656,ramsbergerh9,bM4(rBlB1!)0`2~B
623,Rickey,Braden,21 Macpherson Drive,260,rbradenha,uH7+VWZX
624,Kassi,Megroff,44 Esker Place,42,kmegroffhb,"aG0<o8#s>Gm\E,"
625,Ephrayim,Tryme,9 Petterle Crossing,646,etrymehc,bR2#K2da*<.'%
626,Cyrus,Andrez,5 Bayside Circle,79,candrezhd,sS2*Qi~D+M
627,Erskine,De Dei,6700 Gateway Street,516,ededeihe,tN6*Tb_T
628,Leodora,Huws,597 Hansons Hill,337,lhuwshf,nG3$SBAUk
629,Farrell,Pridding,900 Calypso Lane,416,fpriddinghg,dP1@0E_XjOXe
630,Dinnie,Burnyate,9887 Nevada Hill,602,dburnyatehh,nF3'y/`9}X0Q
631,Dare,Freschini,06609 Gale Parkway,528,dfreschinihi,wA4~J\sZkN*)&+q
632,Gregory,Penhaleurack,63 Jackson Parkway,764,gpenhaleurackhj,xR3%8\Vcx'
633,Yves,Hoys,62823 Division Park,438,yhoyshk,tN0!?ce+qm2
634,Maye,Riatt,944 Reinke Parkway,650,mriatthl,qR0<6N%bIrm
635,Glenda,Vian,3 Ohio Terrace,665,gvianhm,mJ3!||tB
636,Lela,McCanny,8947 Spaight Crossing,356,lmccannyhn,pR5`Z#0uRF0pI@
637,Rolph,Duckels,86 Talisman Park,599,rduckelsho,"yV8`V,Riy$wh\%q"
638,Latashia,Snowding,8 Mayfield Drive,101,lsnowdinghp,gM3@aX@#{
639,Cyb,Menichelli,76 Leroy Road,294,cmenichellihq,qZ9>Nr>6j07
640,Robyn,Withams,773 Bunting Lane,655,rwithamshr,xM8!Uk+&ZURR>?
641,Dayna,Nairn,6687 Farmco Terrace,397,dnairnhs,"bL1_+Q,,F"
642,Frasier,Copcott,62 Express Hill,124,fcopcottht,cQ1/<CMl{G>xp
643,Karisa,Clayill,8070 Lawn Alley,772,kclayillhu,wG9\?(9I1?~s1?9
644,Wynn,Hullot,198 Bartelt Hill,205,whullothv,"xP9/ye""qs3}%liQ"
645,Kip,Elener,65218 High Crossing Way,56,kelenerhw,rW1}u>y5}#.*
646,Sallee,Hindrich,94 American Ash Junction,65,shindrichhx,jQ3*T8bMhBgexbX
647,Emlen,Dootson,38553 Milwaukee Alley,361,edootsonhy,mB2$3_Qh(AQv+
648,Laetitia,Cana,88 Warbler Street,229,lcanahz,cY7_0\i.4Q2
649,Lilyan,Hobden,126 Lillian Park,982,lhobdeni0,xS3$a_'4q\y
650,Nye,Renn,008 Golf Pass,43,nrenni1,mR0%t8`*
651,Windy,Dalwood,7994 Macpherson Hill,949,wdalwoodi2,oP7`YFj5z3SMQ!/P
652,Drucie,Renak,3735 Homewood Alley,138,drenaki3,gP4{#9(H?O/6Q
653,Donaugh,Kitman,034 Lighthouse Bay Drive,277,dkitmani4,cU9\cxJD
654,Enrika,Szimon,4722 Dahle Terrace,148,eszimoni5,jV3)dh4L=BWXDSG
655,Hunt,Mapstone,81068 Canary Hill,799,hmapstonei6,xS4($#=a=L
656,Aloysia,Eagle,39 Independence Court,554,aeaglei7,pN5>%XM0o8|i|a
657,Darwin,Curry,56553 Banding Hill,216,dcurryi8,lW8!1pSHjN644m4
658,Wandis,Boston,1 Towne Plaza,538,wbostoni9,qL7<s*rG#P
659,Bar,Domini,86 Pepper Wood Pass,155,bdominiia,yA9'vGl8ik6HeiC
660,Terrijo,Gritsaev,8 Sycamore Park,899,tgritsaevib,xT2}uXdcGL4!mnH{
661,Emelina,Norwood,08 Toban Alley,533,enorwoodic,eT9$5HyQ?$6M
662,Karyl,McNamee,2 6th Circle,782,kmcnameeid,pT4&|5~2{2=
663,Mattie,McAlpin,86 Melody Parkway,828,mmcalpinie,"tG5_n/=P@b|,"
664,Marcy,Labrenz,53 Park Meadow Parkway,328,mlabrenzif,tC5}VnJFB'gi2A
665,Thelma,Ebbings,7762 Clove Junction,101,tebbingsig,jC7.goKl)C
666,Gnni,Le Fevre,5723 Stephen Center,572,glefevreih,xP0?W_Z)1
667,Dode,De Bruijne,5956 Paget Center,595,ddebruijneii,"yT6$Xy1,qbK"
668,Yard,Matzl,822 Sachtjen Parkway,619,ymatzlij,qM5$t{a|
669,Rosabel,Coke,35 Ridgeway Avenue,424,rcokeik,"jD6.""Qb</vQ0xDvk"
670,Rock,Goldhawk,611 Duke Hill,827,rgoldhawkil,lS0}p)Cj_X
671,Lauree,McKinna,56193 American Road,789,lmckinnaim,kA7'7{S~@.YS(
672,Jessica,Benson,79 Barby Way,887,jbensonin,"sN8.BRvI,97x`"
673,Rodge,Augie,16 Ridgeview Park,467,raugieio,cC7.t)P7VY
674,Kiele,Vanelli,575 7th Avenue,939,kvanelliip,bE6>`WHt8Yh
675,Gunter,McKillop,6 Dawn Place,164,gmckillopiq,dN5=6xT4.
676,Rossie,Marcombe,7750 Melby Court,218,rmarcombeir,dH7}s{L)Yh?
677,Gleda,Cammoile,26 Annamark Point,946,gcammoileis,lO7/ef'5~oMoJo
678,Fielding,Redemile,9893 Lyons Terrace,285,fredemileit,uE6=|uw)f@<8
679,Victoria,Derricoat,22052 Hanover Drive,281,vderricoatiu,lS9=l{h7
680,Homer,Hardwick,0 Judy Point,278,hhardwickiv,zW7<LV3`YR2
681,Blanca,Riggoll,043 Bowman Hill,550,briggolliw,vO7!df'~LCRdM{
682,Ferrel,Mollison,092 Holy Cross Center,529,fmollisonix,xB4@Pd39L<OkS!H%
683,Birdie,Govini,98109 Menomonie Park,223,bgoviniiy,mP8=8\Imc>j9&iIm
684,Olly,Josupeit,7900 Sundown Junction,715,ojosupeitiz,eL7$R=UE4<8
685,Germain,Cornels,60 Lunder Drive,407,gcornelsj0,hP3|'sf~(ub_.DE6
686,Guillema,Hardaker,79 Bobwhite Pass,747,ghardakerj1,kE8~'?btLA~Q`
687,Paola,Jarratt,087 Ruskin Lane,165,pjarrattj2,"jW1\#9LZ\uJ,bY"
688,Clemmie,Childe,3 Mitchell Terrace,602,cchildej3,jK3*+XDd`.<v
689,Tara,Sleeny,47294 Miller Terrace,905,tsleenyj4,kO9!f%50X
690,Oliviero,Mayte,27015 Mifflin Alley,370,omaytej5,iM7?!MX9
691,Yorgos,Goford,6042 Macpherson Way,933,ygofordj6,aD4#b*x/C1c/l2
692,Darill,St Louis,806 Delladonna Plaza,307,dstlouisj7,cR8)H<TQt}r
693,Jedd,Elia,11 East Junction,530,jeliaj8,wH0|Pb?@Y
694,Claudine,Sibson,3 Emmet Point,312,csibsonj9,rO3.q$Z'3WM8
695,Harlen,Collete,3147 Rieder Way,491,hcolleteja,jF3/Zswb'(Zk
696,Gar,Stut,718 Anderson Pass,706,gstutjb,"fV9,@rq|Yy"
697,Lolita,Dhennin,6077 Division Junction,461,ldhenninjc,gL2@vge#)
698,Sharyl,Brussell,6272 Briar Crest Avenue,100,sbrusselljd,sF7_=}U@j_
699,Karry,Lilywhite,40 Stephen Avenue,187,klilywhiteje,fB2)Hl=Y_{HM1RVK
700,Chucho,McKerlie,6 Grasskamp Court,66,cmckerliejf,iG8.)2<$#76zQXmD
701,Anthiathia,Velareal,62687 Lyons Center,21,avelarealjg,oD9)3hzdv`Z96#9
702,Calhoun,Rahill,25 Fallview Crossing,855,crahilljh,wW2(\zfF5k
703,Foster,Van Ross,13 Sage Trail,255,fvanrossji,"qR8>iQFgK/Eg#"""
704,Beatriz,Ilyinski,77011 Pleasure Park,466,bilyinskijj,dS5>Vw?&q1<2o?){
705,Effie,Simonini,5304 Maple Wood Court,885,esimoninijk,pV6!HLm?H$
706,Forster,Hadley,7881 Carberry Crossing,754,fhadleyjl,yM6_})5y
707,Kirsti,Morfett,2537 Eliot Drive,470,kmorfettjm,"cF9<,YX,"
708,Luci,Robyns,39 Pine View Alley,881,lrobynsjn,"eM6,O}K*L.=CyTW"
709,Lindon,Dilley,46815 Londonderry Pass,920,ldilleyjo,"mY5_""=C2>|g'*(mi"
710,Mar,Caldaro,11876 Melrose Crossing,700,mcaldarojp,kN7%*6Tu*E
711,Ryun,Dismore,61 Warbler Circle,693,rdismorejq,tZ7.f}nN
712,Northrop,Chatain,28573 Service Drive,800,nchatainjr,rL5?}6cB=*
713,Tonye,Guidi,42 Melody Pass,809,tguidijs,"mM1*2""Bx"
714,Linea,Klebes,0518 Saint Paul Way,108,lklebesjt,bU2)8C_9)?TDtm`Y
715,Wayne,Burford,20 Gale Road,6,wburfordju,"eX7_,m$0&`%"
716,Haven,MacLaughlin,73192 Lerdahl Place,358,hmaclaughlinjv,"rN2,+GPH>Zes("
717,Edgardo,Gronw,016 Carioca Pass,93,egronwjw,iS4}Wz.fs<JNB(
718,Elsey,Lawrance,637 Dottie Junction,129,elawrancejx,eL5?g5X5c~a
719,Wayne,Lauga,83 Mesta Lane,100,wlaugajy,wT8'P&WWw'o!4*
720,Orelee,Betteson,6064 Lindbergh Terrace,618,obettesonjz,"oX8<dtL""_"
721,Catharine,Spollen,8 Hanover Place,903,cspollenk0,aG8>gnfEnZ_
722,Federico,Black,544 Aberg Avenue,542,fblackk1,"fH2)P15gs,3DQKLD"
723,Margaux,Kinnier,2103 Pawling Alley,278,mkinnierk2,cA8%7OtilyX
724,Isahella,Sambrook,52 Wayridge Court,469,isambrookk3,tY0*Vu.L72(/
725,Fanechka,Lymer,8 Waxwing Drive,71,flymerk4,rD1\3#tBdoKN8
726,Pietra,Hubbard,63 Browning Crossing,432,phubbardk5,"rY4""NDvI4n3f"
727,Licha,Biesty,0 Raven Plaza,56,lbiestyk6,"fB9""WqN>N(+\)PSh"
728,Jami,Lipman,95 Division Court,889,jlipmank7,hE9`!Rn+5m5A
729,Lishe,Newtown,917 Northland Street,223,lnewtownk8,"sG5.bz+\8t&(jL"""
730,Tymothy,Buckthought,1 Drewry Avenue,565,tbuckthoughtk9,zP5_adf7>~U@)
731,Jorry,Olver,876 Fairfield Place,249,jolverka,"cA6<CadRO_TG}'_"""
732,Buckie,Allright,75669 Twin Pines Alley,663,ballrightkb,eO7+ehuN
733,Alejandro,Flather,050 Westridge Crossing,537,aflatherkc,aB8*%Lm3w2
734,Larina,Beentjes,54059 Namekagon Parkway,847,lbeentjeskd,"bX5""+0,2e"
735,Patrizia,Wholesworth,403 Sutherland Road,83,pwholesworthke,tY5#6!@9be@
736,Obed,Platts,56 Corben Lane,932,oplattskf,aD6&bxrhi_jpgb=v
737,Felicle,Lanmeid,2976 Lukken Plaza,443,flanmeidkg,pX9~{Ssi$j=<
738,Opalina,Barmadier,30 Prairie Rose Parkway,20,obarmadierkh,cP1}%W5r!%|`I.t&
739,Garner,Skoggins,0 Mccormick Way,378,gskogginski,uA7`Mvi_6(X
740,Anabel,Youthed,14274 Almo Pass,62,ayouthedkj,rH5_PzrapDgo
741,Ollie,Astles,54 Anhalt Trail,84,oastleskk,nZ5{1z5f9\?u!
742,Galven,Lissandre,642 Acker Pass,346,glissandrekl,"lS3)""""xMf"
743,Maud,Cheesley,797 Fuller Junction,719,mcheesleykm,xO3.ZbciR6m&d
744,Verne,Gionettitti,27 Mcbride Circle,573,vgionettittikn,"eY1""/""EqlOYg"
745,Jeremy,Muslim,04899 Londonderry Trail,425,jmuslimko,rB3#AkML$?X|Y1|f
746,Quentin,Wearn,39 South Circle,290,qwearnkp,"lK9~jzkS""Lh"
747,Bobine,Bromehead,0 Prairie Rose Circle,327,bbromeheadkq,"gV1""qteyf"
748,Cristian,Pichan,2 Pine View Court,967,cpichankr,oB8$)<wn~$S3
749,Alf,Parriss,10 Katie Junction,735,aparrissks,vS7#3{QmE
750,Andres,Ruvel,3 Vera Road,369,aruvelkt,cY9@3z({9'
751,Felike,Slowly,7833 Dawn Junction,559,fslowlyku,qF5/A}49!N~'lF
752,Cleavland,Isard,0187 Meadow Vale Court,542,cisardkv,xZ8\m6/*l1bZNePd
753,Renado,Pargetter,35 Morrow Terrace,29,rpargetterkw,nZ8#'/&+W
754,Lonnard,Cattenach,1682 Bartillon Junction,386,lcattenachkx,hL5$Xsm@r
755,Gloriane,Rustedge,5630 Schiller Lane,473,grustedgeky,nZ3$t~M2VSy
756,Lucita,Attenbarrow,57 Orin Parkway,784,lattenbarrowkz,vU7!\UDETf`{
757,Franni,Skerratt,3 Oakridge Pass,748,fskerrattl0,sT3/?RF<$}bdShJ
758,Alanson,Klaas,4 Oakridge Crossing,78,aklaasl1,"vK7@&KB""HU}"
759,Tan,Surmeir,8659 Anhalt Circle,601,tsurmeirl2,pY5?D@C)ro!MID
760,Andrew,Bridgestock,6 Warner Junction,403,abridgestockl3,bY0)8/lPZ4
761,Kelsy,Varran,978 Delaware Junction,806,kvarranl4,kN7/kC`%H/
762,Corrianne,Grigolli,5 Lotheville Terrace,319,cgrigollil5,"pR2_l""2/N"
763,Moyna,Novotne,04931 Michigan Circle,135,mnovotnel6,gI7$QxI>$Aon
764,Devlin,Ellicott,9555 Vernon Parkway,191,dellicottl7,"oT4@#,T&_jecjnk"
765,Cassondra,Vondra,1 Marquette Lane,48,cvondral8,mB3=WLg/QGnj
766,Wilt,Tumini,651 Harper Place,138,wtuminil9,rU4+q@OULzG8)oC
767,Lyssa,Favey,3375 Claremont Avenue,740,lfaveyla,tT5\cam0mtrw%s
768,Nikos,Blance,33154 Sommers Plaza,697,nblancelb,iC9*__XQ1XNd7
769,Ulric,Zecchii,51 Marcy Drive,172,uzecchiilc,gL7}q9|y
770,Heather,Akker,1006 Ryan Place,17,hakkerld,aD6$DM?~etOj
771,Reggis,Ghio,83638 Rutledge Place,800,rghiole,oF1_7o<iRQ@)%DI\
772,Alfonso,Bennen,7442 Coolidge Park,314,abennenlf,cP4`qd2QR
773,Grove,Pannett,5775 Sherman Avenue,754,gpannettlg,dS7$_Vz2<4E|WM
774,Gary,Hanigan,39 Glacier Hill Drive,479,ghaniganlh,"gD9)LlZ!v9<,Wm4"
775,Verne,Edworthye,69 Hermina Way,373,vedworthyeli,tH4~n6CRMPX<j.y
776,Lorne,Killeen,16023 Packers Center,283,lkilleenlj,tX9.fnaK6#2
777,Godard,Trevett,3 Packers Place,974,gtrevettlk,oG5<igJJnxCVp
778,Gabriello,Jacobbe,24054 Upham Center,940,gjacobbell,xX9`Sy4Y_M\r{!)A
779,Marina,Mulford,712 Clove Avenue,842,mmulfordlm,aZ8#@/#bBf0
780,Humfrid,Mathevet,63765 Briar Crest Alley,158,hmathevetln,dK5#MgSVwa{UT&
781,Nadine,Lacroutz,97592 Lukken Place,317,nlacroutzlo,lS3~<ATUJt@A
782,Ikey,Spadelli,45 Blue Bill Park Hill,918,ispadellilp,iL4~7*KjsGX
783,Miltie,Middup,8 Dahle Place,308,mmidduplq,sT8\4>\Ai
784,Erinna,Hargate,42 Oxford Lane,514,ehargatelr,yL7/34UGr0f2PR
785,Dulcy,Sturdey,47647 Anderson Trail,513,dsturdeyls,iO2/&b|F
786,Birgit,Stannas,8044 Oriole Avenue,171,bstannaslt,bV9?PwP|
787,Linn,Brecher,1 Autumn Leaf Drive,841,lbrecherlu,hU0\g#~!W
788,Olympe,Hazley,248 Utah Alley,36,ohazleylv,uV6%lS0mCX
789,Codie,Backler,7580 Canary Court,236,cbacklerlw,cR0=d'&Ay
790,Alan,Worts,48 Eastwood Circle,656,awortslx,lO1$E_C~1?
791,Noble,Mathon,57 Schurz Parkway,264,nmathonly,"qL1}.""1A}2Df9A4@"
792,Brenda,Sheen,731 Carey Crossing,391,bsheenlz,qC1)MJ=?
793,Sissy,Rex,4437 Everett Plaza,267,srexm0,uE6~+0|C{O
794,Noelle,Shermar,7 Colorado Avenue,720,nshermarm1,"zX5>vV*k,"
795,Inez,Beceril,4 Waubesa Center,942,ibecerilm2,"qN5{2(!.W>?JG,"
796,Earle,Kemwall,176 Menomonie Plaza,32,ekemwallm3,zN9'@&ct
797,Colman,Orton,54 Artisan Avenue,710,cortonm4,"sU9""f/t*"
798,Olivero,Knappe,124 Esch Pass,190,oknappem5,zM3{px*BAok0t}E
799,Rodrigo,Szymanowski,4 Springs Park,909,rszymanowskim6,nW0}Q0bdR_cK@Y
800,Jackson,Drawmer,86 Lake View Plaza,787,jdrawmerm7,iA7~7yRP=H7?X
801,Vanny,Aughtie,0832 Lakeland Plaza,797,vaughtiem8,uW4>*raBV)'Ueyp
802,Brad,Staggs,42696 Northland Pass,465,bstaggsm9,nG0*{uHUY
803,Emyle,Geggie,7 Utah Lane,432,egeggiema,oR5@Z<|r3$
804,Shurlock,Horbart,99 Little Fleur Lane,680,shorbartmb,"oX9{?""zB%p"
805,Valina,Piddocke,328 Orin Court,303,vpiddockemc,sF1<!=k/so\90E8r
806,Sheelah,Leale,37 Straubel Park,619,slealemd,nL8%`bP~Y)
807,Hadrian,Hirtz,06636 Kipling Circle,341,hhirtzme,iL1#HEd(dY<
808,Chadd,Cockman,24373 Derek Drive,472,ccockmanmf,"dH9,6c#kyjt0|y2"
809,Neddie,Friman,902 Moulton Lane,886,nfrimanmg,hX7/GLw!V(
810,Nicol,Malloy,1565 Crownhardt Point,568,nmalloymh,"vC6/%`A,Ik87c>"""
811,Gregory,Menlow,3159 American Point,988,gmenlowmi,"dA0=jt*5,"
812,Marti,Arkill,8061 Sachtjen Terrace,690,markillmj,bI7#86g|
813,Inez,Rubbert,903 Nobel Parkway,699,irubbertmk,oH8_UXdS<J*F)sVv
814,Monica,Bottrell,4654 Susan Park,849,mbottrellml,"tT9{\+,VzWGDg'CC"
815,Lovell,Giacomasso,3 Kingsford Plaza,333,lgiacomassomm,gB7)%k#w
816,Brady,Ortells,3119 Nobel Avenue,753,bortellsmn,"tP6""I}W~UXw+|"
817,Micheline,Keymer,0738 Eagan Hill,185,mkeymermo,yL9?<|y4ao
818,Steve,Bulstrode,0 Blaine Street,100,sbulstrodemp,eG0}22?=
819,Marleah,McTurk,366 Carioca Court,114,mmcturkmq,tI3\T#en<~
820,Yehudit,MacFadzean,5 Vidon Court,320,ymacfadzeanmr,"bA0?WaVX"".J/y"
821,Purcell,Thomasen,86321 Carberry Plaza,473,pthomasenms,wD4%PH4u?MQ/2
822,Bertie,Opfer,0869 Transport Terrace,485,bopfermt,vZ2*TWNV4y&52S+f
823,Kahlil,Rothman,807 Glacier Hill Pass,51,krothmanmu,vO5|rt%|\j)5|mnA
824,Kimball,Allnutt,8282 Delladonna Point,57,kallnuttmv,xY4{*l+nhRob@
825,Sibley,Dobsons,54353 Petterle Crossing,407,sdobsonsmw,cB6#5q)|gDE
826,Piotr,Dundon,71478 Rusk Way,252,pdundonmx,wU6!'4ccuv
827,Waylen,Joannic,18 Glendale Point,244,wjoannicmy,yR8\vK1/4?Z
828,Stu,Cammock,574 Kings Center,897,scammockmz,gY4{+M@Rw%gP
829,Norrie,Benkin,9 Merrick Road,188,nbenkinn0,tF4/v>}7bq>m
830,Alfreda,Henlon,888 Merchant Road,482,ahenlonn1,"bD9,WAc@"
831,Percy,McCleverty,77135 Birchwood Drive,844,pmcclevertyn2,zN3+9\~<rm3t
832,Huntley,Huband,526 Lindbergh Pass,14,hhubandn3,mO2$u0g!XvQvAkN
833,Ardisj,Short,8 Kedzie Court,995,ashortn4,aS4|z0S_rl
834,Culley,Garroch,16 Pankratz Alley,436,cgarrochn5,jR0<*4ER#bK<&9sT
835,Papageno,Wellan,89100 Evergreen Lane,964,pwellann6,"tY7""@4P|lT$h$4L"
836,Vernice,Bernade,23 Mayer Point,241,vbernaden7,pW5\5STN&dR
837,Joseph,Theobald,2467 Coleman Circle,145,jtheobaldn8,"oU2.~FF""dwP"
838,Adlai,Eustanch,448 Fremont Alley,665,aeustanchn9,aH7%bwg'QL8@
839,Kessiah,Pallent,0859 Main Center,375,kpallentna,yX5/d'#'jE
840,Eal,Jauncey,27425 Eliot Street,502,ejaunceynb,jQ9<3T>~C=S
841,Cletis,Mease,508 Crescent Oaks Crossing,37,cmeasenc,rC3<|tqpCT5
842,Kalina,McIlmurray,47 Victoria Point,892,kmcilmurraynd,"tX0=hHR@n""?dUh)V"
843,Carlina,MacKean,8091 3rd Pass,882,cmackeanne,zQ3\W#*%v=?||Z<I
844,Rosalia,Rallinshaw,62 Melody Junction,563,rrallinshawnf,"zH9)\%>dcd|,PmG>"
845,Thacher,McGrail,28 West Lane,392,tmcgrailng,dP5/+_4.
846,Bea,Kerridge,5 Gina Avenue,788,bkerridgenh,eZ6=$tijlD>
847,Cammie,Pagon,78 Cody Terrace,557,cpagonni,gA3$36XZL|.#nJ
848,Crawford,Tumbelty,7506 Dottie Street,191,ctumbeltynj,lR6?fxz/*IUI}_X
849,August,Haydney,37 Commercial Avenue,729,ahaydneynk,cE1)|Ha2Bne\c4
850,Kirk,Christescu,82 Burrows Parkway,746,kchristescunl,iE7?s0Fp0
851,Fairlie,Yacob,48 Dovetail Trail,227,fyacobnm,rH8%q}!l{
852,Belia,Mollon,94891 Caliangt Crossing,126,bmollonnn,pE5\L7`7z!G(
853,Olivette,Demer,762 Sutherland Hill,478,odemerno,gT5$`QwUVc?yHV
854,Brewster,Berlin,39 Trailsway Drive,330,bberlinnp,hE5!)Z73I0k
855,Jewell,Dimic,69808 Myrtle Place,943,jdimicnq,xB3\p9e+rHQHs
856,Hurley,Draper,3203 Spohn Parkway,766,hdrapernr,"pW1(*fvJmO"""
857,Delmar,Slixby,78 Westridge Park,331,dslixbyns,kU1.UdO?b9U9D
858,Agnella,Grimsdyke,88 Claremont Lane,913,agrimsdykent,eV7!SZ_N8hsMQUG
859,Sigfrid,Spinola,348 Talisman Junction,249,sspinolanu,"tT9|Mw_~c+1""B"
860,Napoleon,Franses,67 Forest Run Drive,245,nfransesnv,pV7$3j')2oJ
861,Sallyanne,Skep,946 Sloan Plaza,902,sskepnw,"yQ0.,)NXQT7ba="
862,Constantino,Mandel,9819 Monument Center,343,cmandelnx,hM9_.L$0p~95p
863,Meggy,Darthe,47 Forest Dale Street,807,mdartheny,tK8)JQb60
864,Krystal,Cawtheray,29904 Jana Hill,188,kcawtheraynz,nB0@(hN`S%
865,Edgard,Burgisi,5 Independence Drive,46,eburgisio0,pL5\cGywD
866,Raquela,Maudlin,93892 Caliangt Trail,360,rmaudlino1,"lK3""nVR{)"
867,Cletus,Philpot,69 Lillian Hill,548,cphilpoto2,eV3{in+/!z
868,Rafi,Shotbolt,7 Magdeline Street,993,rshotbolto3,sE7*alDd.oy
869,Ariella,Breit,989 Dottie Parkway,438,abreito4,rI5!Ph/<eb5g
870,Karolina,Twelvetree,82 Crescent Oaks Hill,454,ktwelvetreeo5,iM7#TnMpk&0y
871,Dyanna,Telling,7594 Surrey Way,264,dtellingo6,dD6!{mBPJc
872,Sydelle,Tumpane,88 Tennessee Plaza,964,stumpaneo7,vH4?XKL2}6_/v2g5
873,Manfred,Vasyatkin,48 Rieder Pass,219,mvasyatkino8,pQ6&Ofnb?+T
874,Tera,Richard,23 Schmedeman Court,657,trichardo9,mU4*zQj>8iU)@np
875,Erskine,Himpson,99610 Aberg Pass,952,ehimpsonoa,pN5'xR(`rOY@y0
876,Gerek,Mingardo,692 Donald Lane,366,gmingardoob,kU9%*FW.rl
877,Elianore,Arlott,561 John Wall Road,696,earlottoc,jO7>~RH3BRm~
878,Christye,Rodrig,48728 Hudson Court,90,crodrigod,"cB8|k`*D)""S+,j`"
879,Truda,Cowe,3107 Portage Crossing,680,tcoweoe,"kF7}""TMc"
880,Garv,Bardsley,75098 Bashford Street,567,gbardsleyof,"hY2>hXIy"""
881,Kellen,Alves,9940 Oak Valley Way,892,kalvesog,hW0{=R8TY`)H~
882,Jayme,Bauchop,34 Canary Way,471,jbauchopoh,"dO2""3?Z\Kq"
883,Cyril,Kenset,8 Melvin Circle,404,ckensetoi,jX6~ld'9ZWTy\f
884,Hugo,Chatburn,73 Merry Street,188,hchatburnoj,"pK7&X`tyt}3,Wtv"
885,Reagan,Capelen,041 Larry Alley,961,rcapelenok,oH5=nn>!8Q
886,Caria,Ehrat,8 Spenser Junction,489,cehratol,rK2*Pb}9fs>/
887,Cicily,Braund,32910 Mifflin Park,572,cbraundom,rL3)7a/s
888,Franky,Gritskov,2976 Fallview Road,513,fgritskovon,gO7\(LOE32UKy
889,Dasha,Linder,09907 Grayhawk Point,617,dlinderoo,tL4+TAyPM1Q~
890,Eloisa,Digance,8 Rockefeller Pass,459,ediganceop,qB2&1'yX$vl8
891,Devondra,Karchewski,84702 Becker Way,182,dkarchewskioq,hZ6%>J>+2Jc/?T=
892,Ursula,Reyna,2 Havey Trail,597,ureynaor,jB4@SPvu7
893,Brewer,Matuszkiewicz,77 Golf Plaza,528,bmatuszkiewiczos,"iT5?""m\uNg'_hl"
894,Vincenty,Robbs,6726 International Street,347,vrobbsot,bI4.@P4/L&F
895,Eliza,Golby,66549 Golf Course Court,66,egolbyou,jM5<&7NNc3`
896,Pauly,Sherman,6 Superior Lane,109,pshermanov,eA0({J>OuK#'pQY
897,Elspeth,Skurm,2234 Messerschmidt Parkway,789,eskurmow,"cF8""(WukF/4Ikm!"
898,Seamus,Chiese,179 Elgar Way,23,schieseox,"vC8`+2,L`r9Z)2A"
899,Knox,McTiernan,31663 Kropf Trail,924,kmctiernanoy,hG4*zRM).r#
900,Phil,Giacoboni,9919 Coleman Alley,930,pgiacobonioz,"pB4,y.|6R!c$XI7G"
901,Cherianne,Higbin,5 Debra Alley,758,chigbinp0,nX2#gyl/p
902,Margy,Britch,9 American Ash Road,669,mbritchp1,wP7<dn>6Xam
903,Paddie,Benne,6 Old Gate Avenue,80,pbennep2,fK2@iyA?
904,Aleece,Duddridge,53508 Leroy Place,815,aduddridgep3,"fC2~,C3~CO"
905,Dud,O'Connolly,9221 Johnson Park,410,doconnollyp4,hG4$V{A2F$&7>
906,Dennis,Blanc,5 Texas Lane,466,dblancp5,cP7\~(}%~#V/QCm
907,Roberto,Wetherby,28307 Bultman Trail,105,rwetherbyp6,"mX6=2Hw+,(MaVh?"
908,Selene,Fishburn,5 Huxley Way,550,sfishburnp7,aA5!rMe<9}/
909,Eustace,Botcherby,34 Ridgeway Road,691,ebotcherbyp8,"bH0'*1|,ZmP_qA"
910,Hugues,Balwin,251 Iowa Point,369,hbalwinp9,aC3@FV5ytH`vB
911,Ashlie,Marishenko,8281 Linden Trail,327,amarishenkopa,"yM5""\qsP#}7R<Jzm"
912,Arv,Merrison,48 Scofield Center,532,amerrisonpb,hH7+A5sn\*dm%
913,Diann,Roze,1 Sunnyside Alley,621,drozepc,rD8%'$a~|O2>%M
914,Jeromy,Dignan,58524 Dahle Crossing,901,jdignanpd,tP9`4cr$?!`#/}$s
915,Nanine,Renzini,568 2nd Terrace,952,nrenzinipe,"kG6&""R{GX4Ig7"
916,Lennie,O'Hannay,3 Helena Center,715,lohannaypf,qF4&&.C1=9z
917,Ebonee,Jacquet,4067 Novick Place,574,ejacquetpg,vJ6.zbag
918,Omero,Ancliffe,702 Johnson Hill,340,oancliffeph,"pO8@.PlC{I,g"
919,Phil,De Banke,08733 Brickson Park Plaza,733,pdebankepi,eN2&}%|LA
920,Dorey,Lafayette,0303 Declaration Parkway,40,dlafayettepj,"gF5/N`&,eh`~sV"
921,Basia,Chooter,51 Talmadge Crossing,775,bchooterpk,eC7`Jt}LlqHx
922,Yardley,Jiroutka,43862 Forster Terrace,367,yjiroutkapl,wM2{!DB$f3exW
923,Ekaterina,Beiderbecke,645 Kropf Trail,695,ebeiderbeckepm,fC9*JU`xu
924,Corena,Reditt,5 4th Plaza,154,credittpn,"nS4""tv\<b?lG"
925,Retha,Whye,66 Mariners Cove Lane,162,rwhyepo,"uB3.GN,W8lq'/<"
926,Kimberly,Nisius,31 Fulton Center,862,knisiuspp,jD0$Qz$(Gf%>
927,Yorker,Browning,74110 Menomonie Alley,260,ybrowningpq,mN3>WfGlt=
928,Lenee,Whalley,3958 Carioca Street,82,lwhalleypr,sO0=kq5Grn6l
929,Karlie,Roony,968 Grasskamp Trail,142,kroonyps,dL4++DFhPBFHPETE
930,Marti,Howse,76709 Cardinal Avenue,646,mhowsept,yM5'9tk8O
931,Debby,Behne,7436 Roxbury Street,592,dbehnepu,"mD3`q\O,*zKi'"
932,Waite,Sieb,1431 Merchant Plaza,693,wsiebpv,lZ2)BJ=Q
933,Saundra,Dearle-Palser,5 Dorton Lane,825,sdearlepalserpw,"vC4_M>@v4~6\""?3A"
934,Vaughan,Najera,41 Meadow Valley Trail,762,vnajerapx,bX4(`%B59'l5
935,Neron,Lansly,61 Eagan Court,492,nlanslypy,"oC3,0_V|Tr~!b)SU"
936,Ericha,Rhodes,7 Crownhardt Center,351,erhodespz,aO2(6dXEW8
937,Nola,Penswick,43075 Lukken Pass,994,npenswickq0,aX9)Rmj&s8$u9/TA
938,Daniella,Roaf,32109 Lake View Circle,71,droafq1,vN7+kP\8`dvMHo.
939,Fae,Lyon,2 Lawn Junction,636,flyonq2,iG8_8c$xTehT~$
940,Giulio,House,7 Di Loreto Road,566,ghouseq3,oU4?xzyV>9+(
941,Langston,Tewkesberrie,76 Lake View Avenue,903,ltewkesberrieq4,yY2!f|?qD`
942,Alic,Domel,6592 4th Junction,949,adomelq5,sS0.cz`R`1dWiu4
943,Kale,Gytesham,0 Briar Crest Alley,49,kgyteshamq6,wJ5$=71'ke`@'&_<
944,Ike,Tanti,8 Susan Avenue,842,itantiq7,fU4$%>3P
945,Hansiain,Haskey,561 Milwaukee Circle,126,hhaskeyq8,"rY7""qF|!}"
946,Ranice,Fuzzey,3 Wayridge Circle,625,rfuzzeyq9,nM2_1m4|<N%fNi=9
947,Loralie,Shapland,8 Basil Crossing,454,lshaplandqa,vO5|d28me{Eum
948,Kerrin,Carde,36098 Erie Street,754,kcardeqb,mS7%\zaxe
949,Olympe,Andresser,444 Debra Center,511,oandresserqc,rM0%ydvQ$A37
950,Sal,Curedell,7 Tomscot Avenue,459,scuredellqd,"mW4,Y~OQ_A3a"
951,Carlye,Hawkshaw,5 Darwin Place,820,chawkshawqe,jT5(I~le5
952,Jessalin,Comsty,12 Steensland Terrace,486,jcomstyqf,"wM6,Y~yoJ//"
953,Kleon,Lande,978 Village Crossing,971,klandeqg,bE2(Cw.~psQzH7
954,Chery,Clapson,57851 Merry Crossing,996,cclapsonqh,vH4*}iF`&
955,Brander,Di Franceshci,19 Meadow Valley Park,477,bdifranceshciqi,nT4&6'{&W1LW8@UA
956,Michail,Bisson,2 Thackeray Lane,685,mbissonqj,gF8)_3Xgy\9
957,Jennica,Eldon,5 Lakewood Avenue,393,jeldonqk,hA7(0BgM?!Wvj*\
958,Priscilla,Debrick,61 Vernon Junction,468,pdebrickql,lL4.53jhT6h}K
959,Sandi,Storek,7516 Dennis Plaza,634,sstorekqm,oH6'x|%&2?8+Nb1R
960,Suzie,Rable,95475 Kingsford Lane,865,srableqn,"cC1`zv""g!!+RbxHg"
961,Miriam,Brien,57 Jay Center,716,mbrienqo,qS7!M@rK<!KbP_{J
962,Isabel,Dunn,50 Lukken Hill,29,idunnqp,vQ0_|H|Y~bA.zQN
963,Francisco,Southeran,5 Aberg Parkway,39,fsoutheranqq,mQ8%Zp?cRY
964,Inesita,Stooders,955 Oneill Alley,178,istoodersqr,dM3=\CN)WnzVr
965,Parke,Westhoff,75081 Hoard Street,798,pwesthoffqs,oQ0}/Igp/H>yu
966,Bobbe,Evans,53803 Redwing Drive,18,bevansqt,tI0?r$ccKq('Yv
967,Lucian,De Vuyst,52743 Lakewood Gardens Hill,43,ldevuystqu,cK9`1DoyBUP~
968,Lura,Acory,0099 Londonderry Crossing,880,lacoryqv,cQ7_|l4>xg7./4Rp
969,Amargo,Blofeld,35 Buell Court,824,ablofeldqw,mR3*/Rrbs9
970,Davidson,Sennett,870 Arrowood Terrace,54,dsennettqx,"wH8~Xh""'I"
971,Cordie,Vahey,99 Arkansas Pass,516,cvaheyqy,uO1}#&v(YT
972,Mordecai,Claughton,2054 Butterfield Terrace,136,mclaughtonqz,yF3\>03m`lU!={Q
973,Roosevelt,Cardus,796 Columbus Street,65,rcardusr0,tK5#\zvkd
974,Chrissie,Lavielle,3 Erie Lane,117,clavieller1,bG6_eiCH0lt6(f
975,Amabelle,Birkhead,2 Reindahl Junction,613,abirkheadr2,"yI7?lC?SZ""!2y"
976,Arnaldo,Janiak,33 6th Hill,126,ajaniakr3,mP1\u(pnRRG3/'{3
977,Amelia,Finders,1720 Fair Oaks Street,44,afindersr4,dE5>\~3k
978,Feodor,Goldfinch,2 Parkside Junction,991,fgoldfinchr5,"wO5{IeE""H$FQvKp"
979,Beale,Peake,38198 Memorial Junction,362,bpeaker6,qC5/d6a9c%p(
980,Aloisia,Ciccarello,1 Carey Way,701,aciccarellor7,fB6\A)Re
981,Karlis,Gersam,82010 Old Shore Parkway,188,kgersamr8,fC6~2u!HQX*2.
982,Judie,Morsom,672 Golf Course Trail,482,jmorsomr9,aE1>hu>qf\VZa
983,Clarabelle,Rickardes,26639 Carey Circle,693,crickardesra,uY3|CvM`S\i
984,Estelle,Cashen,967 Forest Court,435,ecashenrb,fA4<?VUlbt<
985,Cosmo,Huniwall,53 Dottie Crossing,637,chuniwallrc,"vB6|~@""f6,"
986,Elston,Ellsom,7363 Sheridan Junction,689,eellsomrd,rE2|Zs3mCn
987,Gaultiero,Marron,0098 Mifflin Street,542,gmarronre,tU7{>+T3'C<5oPb
988,Rhetta,Kayne,561 Lyons Drive,481,rkaynerf,iE5%Gc\OAF8?
989,Tiler,O'Hingerty,3 Coleman Street,264,tohingertyrg,jW4}VDnN>S5
990,Zebadiah,Gelardi,8 Norway Maple Point,405,zgelardirh,eO0!Q=S}80>m%(a
991,Elmer,Marwick,69966 Vera Road,233,emarwickri,lA2.2#_e
992,Drugi,Clues,777 North Point,309,dcluesrj,qQ6~m|#h>M>!
993,Constanta,Kenvin,913 Nelson Trail,739,ckenvinrk,dT9\<1(\Q(8T*
994,Gardie,Plastow,29 Warbler Alley,177,gplastowrl,hS7#sPbo!t3
995,Eben,Buckam,2112 Ilene Point,642,ebuckamrm,bR4!6p5iT
996,Finn,FitzAlan,32 Westport Junction,395,ffitzalanrn,zD9/\Y7%EqtSr.
997,Gunner,Manus,4 Rieder Park,94,gmanusro,iE2<<lli
998,Michelle,Castiello,8 Grim Crossing,371,mcastiellorp,"pW2<ga&I>e"",OJ"
999,Dalston,Suggey,38 Bluestem Hill,923,dsuggeyrq,zN0%0`VzF4
1000,Kurt,Fechnie,894 Summit Place,384,kfechnierr,gK3#O'lH+c%B$`P#
