id,racun,znesek,cas,opis
1,209,-38,2026-02-19 19:16:29,"Rich cream extracted from coconut milk, ideal for desserts."
2,675,-12,2026-01-10 02:38:52,Battery-operated air purifier for small spaces.
3,451,-58,2026-04-10 14:51:37,"Gluten-free tortillas made from almond flour, perfect for various wraps and meals."
4,91,37,2025-10-06 19:36:04,Vegan sushi filled with spicy vegetables and avocado.
5,270,-238,2025-06-30 08:54:56,Set of decorative pillow covers to enhance your home decor.
6,415,21,2025-05-15 14:21:37,Floating bookshelf to display your favorite books.
7,999,-74,2026-02-09 12:02:20,"Shredded potatoes, perfect for breakfasts."
8,966,-40,2025-10-29 23:59:18,Cordless electric knife for effortless slicing.
9,29,-13,2026-04-23 14:43:45,An elegant jumpsuit that can be dressed up or down.
10,808,46,2025-11-09 00:02:33,A healthy mix of assorted dried fruits and nuts for snacking.
11,354,128,2025-07-27 11:26:52,Essential tools for bike maintenance and repair.
12,567,165,2025-06-29 23:02:54,"Freshly baked rustic bread, perfect for sandwiches or dipping in olive oil."
13,162,-212,2025-06-05 12:10:10,Stone-ground mustard infused with craft beer for a gourmet touch.
14,696,-127,2025-12-04 23:06:54,Nutritious and quick-cooking red lentils.
15,420,139,2025-10-17 19:38:35,Adjustable weighted jump rope for workouts.
16,251,-167,2025-06-24 08:21:58,"Healthy whole grain cereal, great for breakfast."
17,804,21,2026-04-08 04:18:05,Freshly baked artisan bread with a crisp crust and soft center.
18,709,-51,2025-11-13 08:46:07,Automated cleaning robot for hassle-free home maintenance.
19,468,54,2026-03-17 20:38:59,"Compact towels that expand when wet, ideal for travel."
20,346,-161,2025-05-15 17:38:27,Fresh sushi rolls filled with a variety of vegetables.
21,946,-80,2026-03-10 22:29:21,Convenient hooks that utilize door space for hanging items.
22,238,53,2026-03-10 23:49:35,Eco-friendly solar lights for pathways and gardens.
23,665,116,2026-02-13 08:20:11,"Light and crispy chips made from quinoa, ideal for dipping."
24,937,-51,2026-02-14 12:42:00,Hanging bird feeder for backyard birds.
25,200,-18,2025-10-11 05:46:32,1080p HD video camera with night vision.
26,700,-139,2025-08-22 14:56:54,Spicy salsa made with black beans and tomatoes.
27,67,-72,2025-12-30 10:55:13,"Customizable RGB LED light strip, perfect for mood lighting."
28,502,73,2025-10-01 10:07:02,A sleek leather wallet that combines style and functionality.
29,680,-11,2026-01-24 01:24:02,Convenient charging pad for wireless charging in vehicles.
30,142,152,2025-09-23 02:54:35,Rich basil pesto sauce for pasta and more.
31,424,5,2026-03-14 00:10:30,Shower head designed for a strong spray and complete coverage.
32,942,-107,2026-01-09 09:13:57,Durable and adjustable jump box for effective workouts.
33,87,1,2025-05-14 02:04:17,"Creamy ice cream made with real vanilla beans, perfect for desserts."
34,441,35,2026-04-13 14:39:07,Multi-port USB-C hub for connecting devices.
35,619,-3,2025-12-29 22:37:35,High-capacity power bank for charging devices on the go.
36,326,211,2026-03-11 19:42:43,Comprehensive camera and alert system for home security.
37,183,134,2025-12-05 20:58:05,Quick-cooking ramen for instant meals.
38,67,37,2025-07-24 09:31:32,"Refreshing apple juice, 100% juice with no added sugar."
39,738,-128,2025-09-27 11:57:10,Magnetic puzzle assembly board for kids.
40,277,-3,2025-12-21 00:57:03,Stackable steamers for healthy cooking of vegetables and seafood.
41,306,283,2025-08-16 02:08:24,"Non-stick griddle for pancakes, burgers, and more."
42,604,-23,2026-02-21 23:08:30,Quick oatmeal with various flavors
43,653,28,2026-04-24 08:05:45,"Trendy high-low tee with a relaxed fit, ideal for weekends."
44,244,5,2025-07-23 00:51:28,Creamy yogurt blended with fresh pineapple and coconut pieces.
45,670,60,2025-06-29 15:15:00,A sweet and tangy vinaigrette dressing for salads.
46,480,115,2026-03-29 22:27:49,"Fluffy couscous that cooks in just minutes, perfect as a side."
47,116,306,2025-10-15 05:26:41,"Rich chocolate cups filled with almond butter, a delicious treat."
48,761,-83,2025-09-10 09:42:57,Customizable window cover for light control and privacy.
49,609,-62,2025-08-16 20:37:45,Organizational cubes for easy packing and travel.
50,377,29,2026-02-27 09:58:33,"Crispy tortilla chips, perfect for dipping."
51,689,-22,2026-01-13 11:42:33,A gluten-free pizza crust made from cauliflower.
52,254,91,2025-07-15 15:51:25,Stylish black leather jacket featuring a zip-up front and multiple pockets.
53,302,33,2026-03-06 07:29:19,Gluten-free biscuits made with almond flour.
54,565,-80,2026-03-28 20:55:35,Soft oatmeal cookies with maple and pecans.
55,967,-17,2026-03-26 06:13:06,Versatile multi-tool with 15 different functions.
56,481,-45,2026-02-05 06:13:34,Bright flashlight with rechargeable batteries included.
57,324,93,2025-11-01 07:02:00,32GB USB flash drive with fast data transfer speeds.
58,431,177,2026-01-08 08:31:47,Quick-boiling kettle for home and office use.
59,197,-102,2026-02-11 07:14:58,Float through the day in this beautiful floor-length skirt.
60,889,27,2025-11-18 07:03:59,"High-protein pasta made from black beans, gluten-free."
61,228,-102,2026-03-01 17:34:26,Just add water for a quick pasta sauce.
62,660,8,2026-03-02 07:18:34,"Rich dark chocolate bars, perfect for a sweet treat."
63,919,-80,2026-03-19 07:56:47,Easy-to-heat frozen burritos for a quick meal.
64,312,58,2025-11-28 01:27:50,Instant-read thermometer for precise cooking temperatures.
65,974,-130,2025-05-12 10:37:07,"A blend of assorted nuts, perfect for snacking or adding to recipes."
66,369,-1,2025-06-06 22:50:03,Set of flexible molds for baking cakes and pastries.
67,4,-160,2025-05-24 19:01:51,Precision cooker for perfect sous vide cooking.
68,721,-183,2026-04-24 04:30:45,Rich and creamy chocolate fudge ice cream for dessert.
69,209,36,2025-11-23 00:22:45,"Creamy yogurt made from coconut milk, dairy-free and delicious."
70,172,-40,2026-02-02 11:42:52,Rich and flavorful tomato sauce for pasta or pizza.
71,996,77,2025-09-15 05:37:21,A flavorful sauce for stir-frying vegetables and meats.
72,387,48,2026-04-23 09:46:52,Comfortable over-ear headphones with deep bass.
73,442,-88,2025-06-23 03:20:30,Ear protection for shooting and industrial use.
74,141,31,2025-12-15 17:14:04,"Rich and creamy dressing with garlic flavor, perfect for salads."
75,826,-180,2025-12-27 23:49:58,Hearty chili made with premium ground beef and kidney beans.
76,955,-115,2025-12-17 10:32:00,Inspiring cookbook with healthy recipes.
77,240,70,2025-06-10 14:44:03,Compact fan for personal cooling at work or home.
78,570,11,2025-07-08 19:23:29,Make delightful blueberry muffins at home with this easy mix.
79,890,22,2025-10-22 20:29:56,A fitted ribbed knit dress that hugs your curves perfectly.
80,871,83,2025-08-07 21:03:05,Space-saving crates for easy organization at home or while traveling.
81,553,-155,2025-11-21 08:36:33,A hearty vegetable curry for a quick and satisfying meal.
82,740,31,2025-05-23 10:40:04,Instant mix for delicious pumpkin spice lattes at home.
83,536,-39,2026-02-28 17:25:04,Variety pack of sticky notes in different colors and sizes.
84,739,-198,2025-11-26 05:14:42,"Water-resistant jacket ideal for outdoor activities, featuring a packable design."
85,425,-60,2026-03-11 16:13:50,"A mix of nuts roasted with spicy seasonings, perfect for snacking."
86,770,17,2025-10-28 02:39:20,Automatic can opener for easy meal prep.
87,208,-226,2025-07-25 01:27:26,Stylish and spacious case for makeup and beauty products.
88,768,17,2025-08-12 08:33:16,Durable and spacious backpack for travel and school.
89,435,15,2025-06-08 01:00:22,Fragrant fried rice with authentic Thai basil and veggies.
90,294,114,2026-03-28 20:23:38,"Crunchy chips made from blue corn, perfect for dipping."
91,537,26,2025-10-24 04:51:46,Handy keychain that emits a loud alarm for personal safety.
92,924,32,2025-09-05 18:03:06,"Savory sausage with a blend of spices, perfect for pasta dishes."
93,887,13,2025-11-16 16:11:13,Sustainable foam blocks for yoga practice.
94,645,-115,2026-01-31 01:00:40,Instant mix for creamy vanilla pudding.
95,692,-111,2025-09-16 10:41:50,Compact USB fan for personal cooling.
96,662,129,2026-04-29 01:15:54,Foldable mat for jigsaw puzzle assembly.
97,776,64,2025-07-31 13:13:45,Modern desk lamp that features a built-in USB charging port.
98,503,37,2026-03-07 04:02:28,Stream HD video wirelessly from devices to TV.
99,290,-226,2026-04-13 11:52:01,Convenient hooks that utilize door space for hanging items.
100,681,-50,2025-10-06 13:57:44,Durable speaker designed for outdoor use with water resistance.
101,133,16,2025-05-06 01:45:17,Stabilizing gimbal for smooth video recording.
102,39,-122,2026-03-05 08:01:51,Crispy and crunchy snack made from assorted vegetables.
103,424,-75,2026-02-24 22:12:28,Stabilizing gimbal for smooth video recording.
104,298,119,2026-02-20 22:55:18,Comfortable kneeling pad for gardening or home projects.
105,369,172,2025-10-02 06:19:29,Salted sunflower seeds perfect for snacking.
106,520,-25,2025-11-20 21:09:36,"Moist, fluffy muffins packed with bananas and walnuts for a delightful breakfast or snack."
107,217,43,2025-07-17 01:59:50,Complete set designed for children to learn gardening.
108,222,129,2025-09-20 17:11:43,A colorful printed maxi skirt for a bohemian look.
109,223,-5,2025-12-30 09:58:49,Stylish wine rack to store and display bottles.
110,948,-104,2025-10-15 05:10:37,A warming blend of ginger and turmeric for lattes.
111,521,76,2025-12-31 22:57:58,"Bartender kit with shaker, jigger, and strainer."
112,809,53,2025-11-12 20:21:48,Smoky and sweet BBQ sauce for grilling and dipping.
113,653,-131,2026-01-02 01:14:24,Stylish wall art to enhance home decor.
114,415,21,2026-04-14 04:03:27,High-quality headphones that block out external noise for immersive listening.
115,790,-217,2025-09-21 17:35:26,Seal food and maintain freshness longer.
116,495,51,2025-08-12 18:46:27,Breathable mesh sports leggings for ultimate comfort.
117,6,29,2025-12-27 12:25:58,"Healthy fruit snacks, made with real fruit."
118,814,39,2026-01-10 10:20:07,Handy belt for carrying garden tools while working.
119,952,-46,2025-07-07 23:02:21,Eco-friendly reusable bags for snacks.
120,743,-95,2026-03-13 10:57:16,Soft bagels flavored with cinnamon and raisins.
121,157,-26,2025-12-27 16:15:41,"Crispy sweet potato fries, perfectly seasoned and baked to perfection."
122,165,81,2025-08-23 13:12:02,"A refreshing salad with chickpeas, cucumber, tomatoes, and a light vinaigrette dressing."
123,248,-41,2025-12-30 15:47:20,A bright and zesty dressing perfect for salads and tacos.
124,24,60,2026-02-07 07:50:54,Portable water bottle for pets when traveling.
125,744,30,2026-01-15 15:53:14,"Spicy and creamy dip made with shredded chicken, perfect for parties."
126,122,156,2025-07-24 07:39:16,Compact ice maker for creating ice at home or in offices.
127,713,12,2025-11-21 22:41:49,Salsa made with fire-roasted tomatoes for an authentic flavor.
128,385,102,2026-01-26 16:50:16,Small toolkit with essentials for home repairs.
129,612,36,2025-09-01 01:21:56,Roasted almonds coated in a sweet maple and cinnamon mixture.
130,716,-41,2025-05-09 04:13:31,Fun inflatable float for lounging in the pool or beach.
131,990,-146,2025-07-14 07:01:59,Refreshing juice blend of cranberries and oranges.
132,296,-78,2025-06-01 16:01:54,Crunchy corn chips flavored with chili and lime for a zesty kick.
133,491,206,2025-05-07 13:41:32,Compact charcoal grill perfect for tailgating.
134,608,-98,2025-11-07 13:05:42,Convenient magnetic jars for easy spice storage.
135,345,182,2026-02-03 05:57:25,"Stylish leather ankle boots with a block heel, perfect for fall styling."
136,781,-175,2025-06-11 00:17:28,Herbal tea blend with ginger and turmeric for a soothing drink.
137,762,-148,2026-04-06 11:27:20,Refreshing basil-infused lemonade for a cool drink.
138,933,-34,2025-06-02 21:28:00,Savory lentil chips with BBQ flavor
139,871,160,2026-03-11 22:20:42,Fresh cabbage and carrot slaw mix for salads.
140,362,-105,2026-03-03 12:34:26,Qi-certified charger for fast wireless charging of smartphones.
141,994,-40,2025-08-04 00:52:14,A mix of fresh vegetables for quick stir-fries.
142,651,29,2026-04-04 19:18:45,Stylish digital journaling app for notes and organizing tasks.
143,62,-63,2025-11-01 03:52:14,Lightweight and moisture-wicking racerback tank for workouts.
144,641,78,2026-04-01 01:13:58,High-precision oven thermometer for accurate cooking.
145,706,51,2025-11-26 01:48:55,"Couscous salad with cucumbers, tomatoes, feta, and olives, ready to eat."
146,118,179,2026-02-20 06:31:42,Comfortable wireless headphones designed for sleeping.
147,835,26,2026-02-13 21:15:03,"A lightweight tank dress, ideal for warm weather outings."
148,408,-63,2025-12-23 20:12:19,Clip-on guitar tuner with LCD display.
149,998,140,2025-09-02 16:22:50,"Tangy goat cheese infused with herbs, perfect for snacking."
150,533,82,2025-10-19 07:10:44,Light and crunchy rice cakes made from organic brown rice.
151,77,116,2025-08-17 17:29:49,Savory sardines packed in olive oil.
152,35,209,2025-08-02 05:19:53,Complete kit for starting your own organic garden.
153,485,20,2025-07-26 11:04:50,Weighted jump rope that counts jumps and calories burned.
154,517,-94,2025-07-22 19:53:31,Savory sauce perfect for pasta or dipping.
155,172,136,2026-02-15 09:18:57,A fragrant Indian spice blend for curries and stews.
156,292,161,2025-07-30 01:20:21,Seat belt attachment to keep dogs safe during car rides.
157,413,-182,2025-07-13 12:26:39,Fresh organic blueberries perfect for snacking or baking.
158,722,-44,2025-11-27 20:00:14,Finely ground flour from dried coconut meat.
159,625,-77,2026-01-09 11:19:12,Protects car interior from sun damage and heat.
160,474,-39,2025-11-12 09:19:33,"A complete meal kit containing breaded chicken breast, marinara sauce, and pasta, perfect for a quick dinner."
161,952,33,2025-12-05 22:30:39,Water bottle that tracks hydration levels and adds electrolytes.
162,445,-17,2026-03-14 15:22:04,"A natural sweetener made from coconut sap, a healthier alternative to sugar."
163,250,-73,2026-01-27 03:05:09,Spicy salsa made with black beans and tomatoes.
164,936,127,2026-04-04 05:57:57,"A sweet and tart jam, perfect on toast or in desserts."
165,503,37,2025-06-23 07:26:57,"Tangy goat cheese infused with herbs, perfect for snacking."
166,867,-8,2025-07-01 21:30:24,Creamy peach-flavored yogurt with real fruit.
167,749,-141,2025-05-05 08:12:56,"Creamy mayonnaise, perfect for salads and sandwiches."
168,462,-99,2025-08-14 12:33:12,Fairy lights perfect for decorating patios and backyards.
169,313,-29,2025-06-24 06:32:44,Natural fruit spread bursting with real strawberry flavor.
170,446,25,2025-06-16 06:54:31,Classic marshmallow treats made with crispy rice.
171,295,-111,2026-03-30 04:12:35,Yoga socks designed to provide better grip and stability.
172,889,-47,2025-07-10 22:12:34,"Classic marinara sauce for pasta, pizza, or dipping."
173,684,-197,2025-12-29 13:07:59,Fresh sliced bell peppers for salads or stir-fries.
174,51,16,2025-06-25 16:22:02,Everything you need to make your own candles.
175,228,68,2025-06-13 19:21:22,Soft and chewy cookies made with creamy peanut butter.
176,734,57,2026-01-09 17:49:02,"A refreshing drink mix that combines sweet raspberries and tart lemons, perfect for summer."
177,636,234,2026-04-10 23:28:57,Electric food steamer for healthy cooking.
178,843,-41,2025-09-24 10:31:47,"Refreshing coconut water, perfect for hydration."
179,727,-154,2025-10-05 20:07:32,Compact USB fan for personal cooling.
180,249,-4,2025-09-18 22:29:28,Compact electric scooter for commuting and short trips.
181,528,-143,2026-04-22 12:12:20,Relieve muscle tension and soreness with this foam roller.
182,66,16,2025-08-17 05:24:45,"Tender chicken cooked in a rich coconut curry sauce, ready to heat and serve."
183,579,93,2025-08-08 11:57:22,Spicy blue cheese with a hint of buffalo flavor.
184,75,25,2026-04-24 15:44:56,Everything you need to make delicious spicy tuna rolls at home.
185,840,23,2026-03-09 01:39:16,Unique coffee brewing method for a flavorful experience.
186,285,-15,2025-11-30 21:00:08,"A delicious creamy dip featuring spinach and artichokes, perfect for parties."
187,877,-83,2026-04-14 01:42:20,"Multi-function pressure cooker that can sauté, steam, and slow cook."
188,603,-68,2025-09-24 06:18:21,Hearty lentil soup for a quick meal.
189,109,14,2025-09-30 20:50:35,Personalize your calendar with photos and special dates.
190,920,-130,2025-05-21 02:19:13,Durable skipping rope with adjustable length for workouts.
191,841,17,2026-01-30 13:07:13,Authentic Indian curry sauce for quick meals.
192,843,128,2025-09-28 16:25:12,Rugged phone case for drop protection.
193,769,105,2025-06-07 03:15:28,Citrusy lemons perfect for drinks and cooking.
194,35,-49,2026-01-16 10:50:56,"Fresh and organic sweet potatoes, ideal for roasting."
195,852,142,2026-02-12 19:25:35,A colorful printed maxi skirt for a bohemian look.
196,989,-29,2025-10-04 04:01:42,"Large, durable tote bag for shopping and outdoor activities."
197,31,60,2026-01-14 20:39:25,An elegant jumpsuit that can be dressed up or down.
198,164,-211,2025-05-27 13:39:45,"Tender sweet corn kernels, ready to eat or add to dishes."
199,880,-130,2026-01-04 01:53:33,"A zesty salsa made from ripe avocados, tomatoes, onions, and jalapeños, great for dipping or topping."
200,12,86,2025-12-21 07:48:15,"Frozen berries blend perfect for smoothies, just add yogurt."
201,221,-47,2026-01-12 04:15:26,A sweet and tangy vinaigrette dressing for salads.
202,549,59,2025-12-04 07:26:56,A warm and stylish puffer coat perfect for winter weather.
203,42,-26,2025-10-21 15:15:17,"A mix of grilled vegetables, ready to heat for quick side dishes."
204,397,-42,2025-08-30 19:23:23,Powerful blender for smoothies and soups.
205,555,42,2025-12-19 13:41:25,USB hub for expanding ports on computers and laptops.
206,670,33,2026-03-18 06:00:38,Convenient strap for carrying yoga mats to class.
207,56,92,2025-10-20 05:32:19,Durable training soccer ball for practice.
208,801,121,2025-11-09 08:42:09,Upgrade your phone photography with this lens kit that includes wide-angle and macro lenses.
209,460,-198,2026-02-16 06:05:55,Eco-friendly soy candles with a variety of scents.
210,831,18,2026-05-02 05:10:15,Small fridge designed to keep skincare products cool and fresh.
211,336,-22,2025-06-28 08:14:30,Craft your own lip balms with this complete kit.
212,328,-47,2025-10-02 08:45:23,Ready-to-eat chicken bowl with teriyaki sauce and rice.
213,488,-29,2026-04-12 08:09:57,"Nutritious chia seed pudding in vanilla flavor, ready to eat."
214,905,-152,2026-04-05 11:53:29,Set of roller bottles for blending and applying essential oils.
215,908,-68,2026-01-30 11:18:01,Cozy throw blanket perfect for chilly evenings.
216,589,25,2025-07-09 19:53:28,"Crispy and juicy chicken tenders, perfect for dipping."
217,680,49,2025-07-11 21:57:04,Healthy energy bites made with oats and natural sweeteners.
218,426,-239,2026-03-30 15:28:38,"Sweet and crisp apples, perfect for snacking."
219,821,-50,2025-06-05 00:51:35,Classic wooden puzzle game for kids and adults.
220,793,169,2026-04-05 05:45:29,Fun inflatable cooler to keep drinks cold at parties.
221,540,158,2025-11-23 11:26:03,"Sweet blackberry compote, perfect for topping desserts."
222,218,-9,2025-10-14 08:11:51,Passive noise reduction headphones for focus.
223,166,80,2025-11-12 18:41:31,Ergonomically designed pillow with breathable bamboo cover.
224,446,34,2026-04-05 03:49:18,Delicious veggie burger patties for grilling or frying.
225,341,-73,2026-03-09 20:00:29,Wi-Fi enabled doorbell with HD camera and two-way audio.
226,638,17,2025-07-26 23:23:53,Retro-style graphic tee with a soft wash for a vintage feel.
227,371,114,2025-12-03 12:19:50,Ready-to-bake cookie dough packed with chocolate chips.
228,472,63,2025-05-09 09:13:35,Frozen chicken wings with garlic parmesan sauce.
229,400,68,2026-02-21 01:39:23,All ingredients included for delicious chicken fajitas.
230,188,-19,2025-10-28 10:03:16,Collapsible travel bowl for pets on the go.
231,651,-99,2026-01-03 03:39:53,"Fluffy quinoa mixed with lemon zest and herbs, a perfect side."
232,661,-186,2025-05-31 00:04:24,Bottle with infuser for brewing loose-leaf tea on the go.
233,339,-93,2025-08-14 10:45:41,"Couscous salad with cucumbers, tomatoes, feta, and olives, ready to eat."
234,788,-39,2025-06-30 13:56:33,Essential survival gear kit for emergencies.
235,766,116,2026-02-28 06:54:27,"Refreshing dressing made with avocado and lime, perfect for salads."
236,575,170,2026-03-04 18:39:07,DIY projector that magnifies your smartphone screen for movie nights.
237,168,-23,2025-08-04 00:02:09,Burr coffee grinder for fresh ground coffee.
238,536,69,2026-04-09 15:22:20,Portable battery pack to charge laptops while on the move.
239,790,-39,2026-04-11 02:00:13,Easy-to-make pancake mix with chocolate chips included.
240,462,73,2025-12-08 01:42:40,Soft and chewy bar packed with protein and cinnamon flavors.
241,663,-22,2025-12-26 01:08:21,Comfortable trainers with mesh inserts for breathability.
242,909,-96,2026-03-03 04:16:29,"Supportive sports bra designed for high-impact workouts, made with moisture-wicking fabric."
243,953,3,2025-08-25 17:38:30,A mix of frozen roasted vegetables for an easy side dish.
244,594,91,2025-11-14 21:47:15,Stylish scarves to accessorize any outfit.
245,286,89,2025-05-26 16:29:11,Marinated chicken breasts coated in a sweet honey mustard glaze.
246,693,56,2025-12-01 14:52:21,Crunchy granola with maple flavor and almond pieces for breakfast.
247,94,99,2026-03-19 23:21:07,Space-saving bike for indoor workouts.
248,490,-222,2026-02-13 03:40:22,Spicy blue cheese with a hint of buffalo flavor.
249,968,56,2025-06-16 10:54:53,Craft your own lip balms with this complete kit.
250,975,-23,2025-05-29 01:26:06,Extra soft electric blanket with adjustable heat settings.
251,826,16,2025-09-10 12:22:36,A light and breezy top ideal for warm days.
252,69,-72,2025-06-16 00:06:34,Chocolate coconut protein bars inspired by the classic candy bar.
253,919,34,2025-08-15 06:26:17,Non-stick baking mat for easy cooking and cleanup.
254,189,-164,2025-12-17 19:38:29,Delicious cookies with rich chocolate flavor and a hint of mint.
255,195,63,2025-08-04 17:06:37,Soft oatmeal cookies with maple and pecans.
256,60,-4,2025-11-28 05:44:51,Durable training soccer ball for practice.
257,877,7,2026-04-17 23:57:31,Stylish wine rack to store and display bottles.
258,626,-46,2025-11-09 14:29:10,"Versatile air fryer that also roasts, bakes, and broils."
259,729,54,2025-08-04 19:46:44,"A tangy marinade for meats and veggies, packed with garlic flavor."
260,44,-7,2026-05-01 17:25:36,Wi-Fi enabled thermostat that learns your habits.
261,61,47,2025-07-04 01:58:49,Leak-proof cooler bag ideal for picnics and camping.
262,416,39,2025-05-07 15:42:18,Cold pasta salad tossed with pesto and fresh vegetables.
263,706,-9,2026-02-28 13:16:13,Precision digital scale for accurate cooking measurements.
264,775,104,2026-03-26 12:08:52,"Whole wheat wraps filled with spinach, feta, and herbs."
265,464,14,2025-11-18 22:32:17,Electric foot massager with heat settings.
266,785,149,2025-06-08 17:27:01,Fresh organic blueberries perfect for snacking or baking.
267,444,-111,2025-12-22 06:03:35,"Nutritious protein bar with cherry and almond flavor, great for on-the-go."
268,521,21,2025-05-20 19:37:33,Creamy peanut butter with no added sugar or oils.
269,142,151,2025-08-24 07:40:18,Low-carb vegetable for pasta alternatives.
270,636,-40,2025-08-24 10:37:32,Non-toxic traps for catching household pests safely.
271,818,-64,2026-02-21 02:57:36,Fresh and juicy cherry tomatoes for salads and snacking.
272,305,81,2026-02-20 17:23:19,Ceramic pizza stone for homemade pizzas.
273,433,81,2025-06-24 18:45:34,Chewy granola bars made with honey and almonds.
274,222,-43,2025-12-26 23:52:29,Sweet pineapple chunks in syrup.
275,965,-66,2025-05-19 20:44:16,Eco-friendly solar lights for pathways and gardens.
276,956,21,2025-08-16 05:35:33,"Creamy dip made with real onions and spices, great for chips and veggies."
277,796,-63,2025-12-02 13:38:01,Fresh mango salsa with a hint of lime for a zesty topping.
278,979,-117,2025-08-23 20:23:04,Hands-free waist pack for carrying essentials while walking your dog.
279,148,83,2025-10-10 16:55:52,Elevated planter box for growing herbs or small plants easily.
280,659,54,2025-09-22 08:55:16,Elegant tea set that includes an infuser for brewing.
281,968,50,2025-12-19 17:54:06,Frozen vegetable primavera for quick meals.
282,657,50,2026-03-19 14:06:47,Durable ceramic bakeware for casseroles and desserts.
283,64,63,2025-11-03 23:10:53,Stylish fruit basket for kitchen or dining room.
284,552,13,2025-12-31 22:36:55,"Fresh zucchini, versatile for grilling or sautéing."
285,440,-32,2026-04-07 04:37:49,Thick and durable mat for workouts and yoga.
286,298,90,2025-09-04 02:23:04,Automatically cooks eggs to your desired level.
287,118,-6,2025-09-09 12:12:05,Set of reusable baking cups for muffins and cupcakes.
288,295,-43,2025-06-22 00:14:01,Lightweight and portable swing hammock for relaxing outdoors.
289,484,-22,2025-11-15 11:47:19,All ingredients needed to make your own sushi
290,530,22,2025-08-28 06:07:32,Non-stick utensils for safe and easy cooking.
291,454,-167,2025-08-25 11:56:01,Connect and control smart devices from one app.
292,237,-111,2026-01-21 06:17:46,"Nutty flavored lentils, perfect for soups and salads."
293,500,1,2025-12-12 17:29:52,Portable folding table for outdoor events.
294,97,-249,2026-04-23 16:38:25,Compact sterilizer for disinfecting small items.
295,350,-47,2025-11-06 08:44:20,Microwaveable heating pad for muscle pain relief and relaxation.
296,206,27,2026-01-13 01:34:02,Freshly baked artisan bread with a crisp crust and soft center.
297,536,67,2026-04-28 04:33:05,"Savory, roasted nuts seasoned with garlic and parmesan."
298,675,-97,2025-08-27 13:56:35,Gentle glove for brushing and massaging your pet.
299,538,62,2025-07-01 21:01:08,Charge multiple devices with this sleek charging station.
300,104,-56,2026-02-10 19:23:42,"Rich and smooth cold brew coffee concentrate, just add water or milk."
301,636,-130,2026-04-03 09:54:51,Essential tools for bike maintenance and repair.
302,776,10,2025-05-21 12:16:53,Variety of bands suitable for all fitness levels.
303,952,120,2026-02-25 14:31:50,Waterproof picnic blanket for outdoor fun.
304,3,-129,2025-06-15 03:08:27,Lightweight and moisture-wicking racerback tank for workouts.
305,356,30,2025-08-11 23:07:27,Classic wooden train set for imaginative play.
306,216,155,2025-11-11 23:39:20,Set of soothing scented candles for relaxation and ambiance.
307,566,3,2025-07-15 02:40:19,"Frozen zucchini slices coated in parmesan cheese, perfect for baking or frying."
308,515,-66,2026-01-11 13:57:20,"Low-carb pizza crust made from almond flour, gluten-free."
309,705,60,2025-10-23 15:40:52,Reusable tote bags for shopping and eco-friendly living.
310,862,74,2025-11-15 02:43:18,"Trendy high-low tee with a relaxed fit, ideal for weekends."
311,56,-94,2025-10-10 22:52:46,"Quick oatmeal cups with banana and nut flavor, great for breakfast."
312,420,-165,2025-06-12 11:47:43,A convenient meal kit for making a delicious beef taco skillet at home.
313,486,-40,2025-12-19 07:37:54,Gourmet potato skins loaded with cheddar cheese and bacon.
314,336,-111,2026-03-01 05:34:05,Rechargeable screwdriver with multiple bits for DIY projects.
315,232,-80,2026-01-28 01:57:21,Savory sausage links seasoned with Italian spices.
316,245,32,2025-12-07 08:43:11,Multi-functional tool for emergency situations in the car.
317,137,27,2026-04-15 17:02:04,"Fine semolina flour, perfect for pasta and desserts."
318,554,6,2025-08-16 17:09:09,Effective roller for removing pet hair from furniture.
319,544,201,2025-09-27 02:23:55,Classic marinara sauce for all pasta dishes.
320,676,-112,2025-08-11 09:17:21,A hearty mix of beans in a flavorful tomato broth.
321,909,88,2025-06-10 02:47:43,Versatile multi-cooker for pressure cooking and slow cooking.
322,566,-144,2026-01-27 16:53:47,"A spicy, flavorful cheese stick great for snacks or lunchboxes."
323,849,53,2025-10-07 14:43:03,"Savory pancakes made with chickpea flour, high in protein."
324,982,112,2025-09-29 11:31:53,Just add water for a hearty cheese and broccoli soup in minutes.
325,482,4,2025-07-08 10:12:51,A mix of frozen berries for smoothies or desserts
326,26,-83,2025-08-20 21:25:09,"Compact towels that expand when wet, ideal for travel."
327,31,-76,2026-04-06 17:17:44,Device that tracks soil moisture and provides care tips.
328,680,-137,2026-05-03 08:58:16,"Fresh organic sweet potatoes, great for roasting or mashing."
329,804,-76,2025-11-21 17:03:11,Complete kit for crafting your own scented soaps.
330,757,-71,2025-12-28 03:54:10,A timeless wardrobe staple crafted from soft cotton with a perfect fit.
331,541,15,2025-10-03 19:29:59,Spicy chili sauce with garlic and sugar for a flavor kick.
332,310,128,2026-04-19 04:19:42,Shower head designed for a strong spray and complete coverage.
333,140,-67,2025-08-10 12:01:59,Non-slip yoga mat for optimal grip and comfort.
334,191,-135,2026-04-30 20:33:05,"Versatile slicer for meats, cheeses, and vegetables."
335,306,100,2025-08-24 03:25:35,"Crunchy granola mixed with maple syrup and cinnamon, perfect for breakfast or snacks."
336,667,-10,2025-10-08 22:14:01,"Smart tailored dress pants, perfect for work or formal events."
337,282,-19,2025-06-21 06:25:33,"Bright and fragrant cilantro, great for garnishes."
338,770,-35,2025-11-04 17:45:14,A cozy long cardigan designed for layering in any season.
339,974,97,2025-05-30 00:38:51,Compact charcoal grill perfect for tailgating.
340,44,-66,2025-07-14 10:30:32,"Rich in selenium, perfect for snacking or baking."
341,194,-42,2025-08-06 11:42:08,Classic fit blue jeans with a slight stretch for comfort and durability.
342,663,53,2026-02-11 12:07:18,Programmable pet feeder for scheduled meals.
343,500,-28,2026-02-04 17:05:19,Delicious plant-based burger made with organic black beans and spices.
344,630,-68,2026-01-03 02:39:30,Convenient belt with pockets for easy access to tools while gardening.
345,918,-39,2025-07-31 18:58:14,A seasonal creamer that adds pumpkin spice flavor to coffee or tea.
346,68,39,2025-12-08 17:41:56,Spicy blue cheese with a hint of buffalo flavor.
347,620,-52,2026-02-10 00:11:28,"Juicy pork tenderloin, great for roasting."
348,501,-18,2026-04-24 04:50:38,Adjustable shower head for a luxurious shower experience.
349,170,106,2025-07-16 05:31:29,Creamy dessert made with rice and cinnamon.
350,103,30,2025-11-02 23:55:47,Stability ball for Pilates and yoga workouts.
351,325,-65,2025-05-30 16:47:44,Set of decorative ceramic planters for indoor plants.
352,556,-65,2025-08-14 10:38:30,"Plain white rice, a staple for any meal."
353,582,46,2025-12-04 20:17:18,Stylish case with magnetic closure for smartphones.
354,151,-54,2026-04-11 22:44:37,Versatile multi-cooker for pressure cooking and slow cooking.
355,974,37,2025-08-19 20:27:17,Eco-friendly generator for outdoor adventures.
356,365,-66,2025-06-06 01:43:05,Durable gloves with built-in claws for digging and planting.
357,923,-88,2025-10-08 20:40:30,Stream HD video wirelessly from devices to TV.
358,940,86,2026-04-14 14:32:28,Crunchy crackers topped with real cheddar cheese flavor.
359,162,-24,2025-12-31 16:30:30,"Fresh salsa made with tomatoes, onions, and cilantro."
360,795,92,2025-08-14 15:24:14,Nostalgic clock that adds charm to any room.
361,768,31,2026-02-26 10:24:20,Adjustable stand for portable speakers and devices.
362,316,222,2025-11-27 11:35:19,"Bartender kit with shaker, jigger, and strainer."
363,977,9,2025-05-11 12:58:49,Fresh sushi rolls filled with a variety of vegetables.
364,872,33,2025-12-30 07:36:18,A convenient powder mix combining greens and fruits for smoothies.
365,364,76,2025-11-08 22:36:20,Crunchy granola with pumpkin spice flavor.
366,898,23,2025-10-08 10:06:54,Portable desk that can be adjusted for sitting or standing.
367,704,34,2025-12-30 13:24:20,"Quick-cooking couscous, great as a side or base."
368,95,19,2025-07-30 10:21:53,Floating bookshelf to display your favorite books.
369,137,38,2025-11-01 14:18:43,"Fresh fruit salad, ready to eat and refreshing."
370,984,-38,2026-01-07 19:28:18,Smart tracker to locate keys or other items via app.
371,854,-70,2026-03-12 08:25:10,Dairy-free cheese alternative for your favorite dishes.
372,314,41,2026-01-18 11:44:22,A flavorful blend of rice with tropical pineapple and coconut flavors.
373,298,109,2026-04-07 18:11:05,Stylish cap to complete your athletic look.
374,170,-168,2026-03-28 06:37:52,Cozy beanie hat to keep your head warm in the cold.
375,859,11,2026-04-07 21:52:25,Large electric griddle for family meals.
376,914,95,2026-04-17 20:12:04,High-quality headphones that block out external noise for immersive listening.
377,990,-51,2026-02-03 01:22:12,Portable coffee maker for rich brews on the go.
378,389,21,2025-12-05 22:12:54,"Spicy sauce made with chili peppers and garlic, great for stir-frying."
379,806,-157,2026-01-01 07:41:32,"Precision pencils for drawing, sketching, and writing."
380,561,2,2026-03-28 05:31:49,"Tangy and sweet balsamic dressing, perfect for salads."
381,955,280,2025-11-24 12:29:11,Fast and accurate thermometer for grilling and cooking.
382,639,-65,2025-08-28 01:47:31,Creamy honey mustard sauce for dipping or dressing.
383,250,-12,2025-07-11 05:09:22,"A sweet and spicy sauce, great for dipping or cooking."
384,514,-84,2026-02-16 07:56:22,"Frozen falafel balls made from chickpeas and herbs, perfect for quick meals or salads."
385,228,70,2025-11-10 16:01:47,Stylish cap to complete your athletic look.
386,221,120,2026-03-11 05:05:18,"Grape leaves stuffed with rice and herbs, ready to eat."
387,238,11,2025-05-20 16:05:32,Lightweight tennis racket for beginners and advanced players.
388,100,72,2026-01-08 11:18:52,Stackable containers for organizing snacks and treats.
389,486,21,2025-09-14 16:24:36,Device that tracks soil moisture and provides care tips.
390,205,153,2025-05-15 22:36:55,"Seasonal pumpkin ice cream, perfect for fall."
391,32,-6,2026-01-28 10:35:33,"Dairy-free ice cream made with coconut milk, creamy and delicious."
392,21,-63,2025-07-01 07:44:04,"Natural pink salt, perfect for seasoning."
393,76,200,2026-02-24 07:45:47,Pure maple syrup for pancakes and more.
394,59,27,2025-12-30 01:31:38,Compact electronic drum kit for musicians of all levels.
395,493,116,2026-03-14 00:50:05,"Extra virgin olive oil, ideal for cooking and salads."
396,738,27,2025-12-04 07:49:30,A crunchy blend of nuts and pretzels with a spicy kick.
397,678,-183,2025-05-06 11:35:51,Fun decorations for Halloween to set a spooky atmosphere.
398,286,-83,2025-05-26 05:26:53,Comprehensive tool set for gardening enthusiasts.
399,396,-1,2025-05-28 19:08:44,Complete set designed for children to learn gardening.
400,481,-115,2026-03-29 09:48:27,String lights for decorating holiday trees.
401,548,-105,2025-11-04 13:19:31,"Fluffy couscous that cooks in just minutes, perfect as a side."
402,101,-7,2025-10-13 07:48:52,Cozy cable knit cardigan to layer during chilly evenings.
403,994,-61,2026-01-29 00:20:34,Dairy-free cheese alternative for your favorite dishes.
404,304,36,2026-02-03 12:13:01,A fragrant Indian spice blend for curries and stews.
405,7,-53,2025-08-23 16:28:32,Creamy peanut butter with no added sugar or oils.
406,246,51,2025-05-17 00:16:47,Set of baking sheets for effortless baking.
407,279,-97,2025-05-06 14:34:37,Video baby monitor with night vision.
408,442,13,2025-05-08 01:02:24,A classic denim jacket that never goes out of style.
409,787,-88,2026-01-26 11:28:04,"Frozen berries blend perfect for smoothies, just add yogurt."
410,796,22,2026-03-21 02:19:57,"A sweet and spicy salsa made with mangoes and a hint of chili, great with chips or grilled chicken."
411,333,261,2025-08-16 07:18:07,Stackable steamers for healthy cooking of vegetables and seafood.
412,249,42,2025-09-30 10:26:27,Refreshing basil-infused lemonade for a cool drink.
413,435,-258,2026-04-04 03:32:01,Safe and fun trampoline for children.
414,696,25,2026-03-17 15:36:48,A high-quality protein powder perfect for smoothies and baking.
415,318,56,2025-11-06 14:17:44,"Whole wheat wraps filled with spinach, feta, and herbs."
416,489,-11,2026-01-03 22:57:00,"Frozen berries blend perfect for smoothies, just add yogurt."
417,803,-93,2025-09-12 09:26:06,Use this foam roller for effective post-workout recovery.
418,359,-13,2026-03-01 09:00:04,"Nutty flavored lentils, perfect for soups and salads."
419,292,32,2025-12-23 01:16:12,Stabilizer for smooth video recording with smartphones.
420,756,-143,2025-08-24 23:03:55,Non-contact thermometer for quick and easy temperature readings.
421,179,167,2025-06-03 07:42:27,Stylish cap to complete your athletic look.
422,811,-19,2026-03-07 01:23:34,"Gluten-free flour made from ground chickpeas, great for cooking."
423,768,32,2026-03-29 00:39:35,"Pure and natural honey, great for sweetening."
424,71,-13,2026-04-13 05:18:36,Delicious plant-based burger made with organic black beans and spices.
425,971,12,2026-04-10 01:19:37,"Juicy meatballs made with a blend of beef and pork, seasoned with Italian herbs."
426,738,-125,2025-12-07 17:22:47,UV sanitizer that kills germs on your smartphone.
427,571,-12,2025-07-14 07:01:57,Everything you need to bake delicious chocolate chip cookies.
428,725,128,2026-01-14 04:56:39,"Steamed edamame tossed in a spicy garlic sauce, great for snacking."
429,330,-30,2025-06-20 01:07:00,"Crunchy granola with maple syrup and pecans, great for breakfast or snacking."
430,809,-43,2025-10-30 11:41:03,Easy-to-make pancake mix with chocolate chips included.
431,834,224,2025-05-31 10:11:55,"Crunchy, toasted coconut chips for snacking."
432,867,-54,2025-10-31 15:04:00,Rich vegetable stock for cooking soups and stews.
433,419,47,2025-05-18 05:14:09,Smooth Greek yogurt infused with vanilla bean flavor.
434,196,-185,2025-09-03 17:31:42,Sweet and savory sauce for marinating and glazing meats or vegetables.
435,776,9,2025-11-17 01:35:55,Efficient juicer for fresh fruit and vegetable juices.
436,799,127,2025-11-01 17:52:31,Crunchy granola with chocolate and hazelnuts for breakfast.
437,819,0,2026-03-02 12:37:08,1080p HD video camera with night vision.
438,909,0,2025-06-03 14:16:57,Fresh organic blueberries perfect for snacking or baking.
439,616,-30,2026-04-27 22:22:11,"A spicy glaze made with sriracha and honey, perfect for meats."
440,940,168,2025-08-12 03:36:40,"Creamy cottage cheese, perfect for healthy snacking."
441,810,82,2026-01-19 18:39:20,Wi-Fi enabled plug for controlling devices from your smartphone.
442,623,15,2025-07-23 20:15:46,"Delicious pretzel bites with a sweet honey mustard flavor, perfect for dipping."
443,467,68,2025-08-12 21:59:24,Water bottle with built-in UV-C light for self-cleaning.
444,443,100,2025-11-11 12:58:00,Charming frame to showcase your favorite photos.
445,63,17,2026-01-24 23:23:59,"Savory pizza filled with pepperoni and cheese, ready to microwave."
446,215,-23,2026-02-28 22:35:21,Rich and creamy almond milk with a hint of chocolate.
447,718,84,2026-04-01 18:43:31,Custom engraved ID tags for pets with your contact information.
448,715,-50,2025-06-06 08:34:36,Durable and non-stick ceramic cookware for healthy cooking.
449,908,-66,2026-04-22 04:59:45,Universal mount for smartphones on motorcycles.
450,292,4,2026-04-21 16:15:45,Convertible kneeler and seat for gardening comfort.
451,525,91,2025-06-14 07:56:56,Quick and easy way to remove wrinkles from clothes.
452,384,140,2025-10-20 18:34:31,Ergonomic desk that adjusts height for standing or sitting.
453,437,58,2025-10-29 22:32:18,Smart tracker to locate keys or other items via app.
454,47,76,2026-04-10 03:07:17,"Rich dark chocolate bars, perfect for a sweet treat."
455,486,51,2026-04-13 02:20:26,A creamy and tangy dressing perfect for salads or as a dipping sauce.
456,659,-102,2026-02-23 05:32:11,"Rich and flavorful chicken broth, great for soups."
457,597,98,2026-04-02 01:45:34,Lightweight and durable hammock for relaxing in nature.
458,839,217,2025-06-06 05:45:38,Portable chess set with magnetic pieces for travel.
459,517,20,2026-04-01 14:59:16,Supportive pillow designed for a good night's sleep.
460,629,-96,2026-04-15 14:31:36,Salted sunflower seeds perfect for snacking.
461,638,98,2025-07-29 19:03:57,Automatic waterer that filters and provides fresh drinking water for pets.
462,272,101,2025-07-21 11:44:20,Wireless headphones with noise-canceling features.
463,532,-76,2026-03-06 00:52:12,Savory soup made with leeks and potatoes.
464,263,113,2025-10-15 08:32:19,"Whole wheat wraps filled with spinach, feta, and herbs."
465,817,207,2025-10-21 08:07:03,Automatic water fountain for pets with filtration.
466,600,71,2026-03-11 06:12:07,Essential kit for taking care of your pets' health emergencies.
467,52,-110,2026-02-20 03:50:00,Spice blend for creating flavorful vegan taco filling.
468,168,77,2025-10-28 05:23:06,"Crunchy granola made with oats, almonds, and coconut flakes."
469,656,-129,2025-11-11 01:30:38,Non-slip yoga mat for optimal grip and comfort.
470,964,-13,2025-07-22 10:32:10,Make delightful blueberry muffins at home with this easy mix.
471,306,62,2025-09-29 17:14:16,Set of resistance bands for strength training at home.
472,304,38,2025-11-25 00:23:16,Healthy energy bites made with oats and natural sweeteners.
473,977,-126,2025-11-04 06:50:26,Everything you need to build a festive gingerbread house.
474,469,-1,2026-01-05 04:58:41,"Healthy, crunchy kale chips, a nutritious snack."
475,24,-127,2026-01-03 00:10:55,Complete kit for growing herbs indoors.
476,568,29,2025-09-29 12:43:37,Hands-free waist pack for carrying essentials while walking your dog.
477,567,105,2026-02-28 02:06:47,Multi-level scratching post to keep your cat entertained.
478,820,-85,2025-09-16 20:27:37,"Creamy yogurt with probiotics, available in various flavors."
479,975,-7,2026-01-04 22:30:09,"Deliciously smoked salmon, great for bagels."
480,393,18,2026-01-02 20:00:24,Wireless earbuds designed for immersive sound experience.
481,91,-16,2025-10-01 20:49:01,"High-protein pasta made from black beans, gluten-free."
482,2,-121,2025-09-25 14:07:44,Float through the day in this beautiful floor-length skirt.
483,100,-67,2025-08-04 23:55:14,Compostable plates suitable for various occasions.
484,73,97,2025-10-30 04:22:23,"Fresh and zesty salsa, perfect for nachos."
485,19,-12,2025-05-27 17:01:38,Manual pasta maker for creating fresh pasta at home.
486,734,126,2025-08-23 19:43:19,Crunchy granola with chocolate and hazelnuts for breakfast.
487,581,-140,2026-02-03 03:50:10,Battery-operated blender for smoothies on the go.
488,604,-31,2025-05-08 15:12:26,DIY projector that magnifies your smartphone screen for movie nights.
489,336,87,2025-05-23 02:59:34,"A savory marinade for meats, perfect for grilling."
490,501,35,2026-01-25 07:44:44,Frozen mix of colorful stir-fry veggies.
491,607,-166,2025-05-15 23:03:54,Salty pretzels filled with creamy peanut butter.
492,776,-39,2025-07-24 16:35:19,Crunchy granola with raisins and cinnamon for a delightful breakfast.
493,944,141,2025-11-16 15:56:24,A flavorful sauce for stir-frying vegetables and meats.
494,583,-142,2025-09-12 09:15:34,Burr coffee grinder for fresh ground coffee.
495,435,4,2025-07-14 03:26:01,A fragrant Indian spice blend for curries and stews.
496,364,-150,2025-07-13 13:45:40,Set of brush pens for colorful and creative painting.
497,69,23,2025-11-14 18:33:35,Qi-certified wireless charger for fast charging.
498,667,234,2025-05-27 02:02:10,Control your lights remotely with a smartphone app.
499,77,116,2025-05-12 07:05:31,"Creamy dip made with caramelized onions, perfect for chips or veggies."
500,6,10,2026-02-19 03:17:22,Multi-level cat tree for play and scratching.
501,67,98,2025-12-18 08:41:07,"A smoky barbecue sauce, ideal for grilling and dipping."
502,161,3,2025-11-20 06:32:19,"A fluffy pancake mix infused with maple and pecans, perfect for a hearty breakfast."
503,983,-125,2026-01-31 23:43:20,Wireless headphones with noise-canceling features.
504,337,-102,2026-03-29 00:50:31,Compact hair straightener for travel.
505,781,76,2025-12-31 06:58:32,"Crunchy, seasoned chickpeas for a wholesome snack."
506,359,223,2025-11-20 17:53:48,Ready-to-bake cookie dough packed with chocolate chips.
507,768,103,2026-03-19 16:24:27,Juicy and tender boneless chicken breasts.
508,414,116,2025-09-01 14:23:11,Just add water for a quick pasta sauce.
509,408,-38,2025-08-16 19:05:53,Stay dry with these stylish waterproof rain boots.
510,127,-56,2025-07-04 23:30:41,Stylish wine rack to store and display bottles.
511,401,-102,2025-05-27 14:00:45,Stylish scarves to accessorize any outfit.
512,882,83,2025-09-28 13:19:14,Portable ring light that enhances your photos with perfect lighting.
513,578,-142,2025-08-06 22:43:48,Custom keychain with engraved text.
514,8,50,2026-01-15 23:45:56,Eco-friendly phone case designed to decompose safely.
515,382,-15,2025-05-27 19:00:24,High-quality matcha powder for smoothies and baking.
516,454,118,2026-04-01 13:31:13,Delicious dark chocolate with creamy nut butter inside.
517,836,-121,2025-08-23 00:28:47,Portable chess set with magnetic pieces for travel.
518,631,-93,2025-11-06 01:21:30,Multi-port USB-C hub for connecting devices.
519,221,101,2025-11-15 22:05:49,"Steamed edamame tossed in a spicy garlic sauce, great for snacking."
520,659,184,2026-02-28 14:17:34,"A nutrient-packed salad mix with kale, quinoa, and a lemon vinaigrette, ready to eat."
521,520,39,2026-01-23 17:10:09,Set of reusable baking cups for muffins and cupcakes.
522,153,88,2026-04-26 02:28:52,Pancake mix infused with seasonal pumpkin spice flavor.
523,862,9,2026-03-02 14:47:20,Creamy yogurt blended with fresh pineapple and coconut pieces.
524,4,-88,2026-02-27 18:34:55,Vegetable spiralizer for healthy meals.
525,755,-31,2025-05-31 13:54:35,Whole wheat wraps filled with spinach and feta cheese.
526,319,3,2025-07-12 08:55:02,Adds extra comfort to your mattress for a better night's sleep.
527,27,-181,2026-02-19 00:48:23,Creamy vegetable curry enriched with spices.
528,535,2,2025-07-01 04:16:23,Eco-friendly solar lights for pathways and gardens.
529,823,-6,2025-08-09 04:56:02,Spicy salsa made with fresh ingredients.
530,373,67,2025-10-09 07:18:35,Set of elegant wine glasses for special occasions.
531,637,63,2025-09-01 04:28:01,Cozy throw blanket perfect for adding warmth to your home.
532,480,-17,2025-07-24 18:02:06,Rechargeable LED camping lantern for outdoor use.
533,233,-37,2025-05-21 12:03:03,Water bottle that tracks your hydration levels.
534,488,85,2025-07-19 03:22:22,"Classic marinara sauce for pasta, pizza, or dipping."
535,405,-16,2025-10-31 04:51:31,Gentle grooming gloves for shedding pets.
536,910,90,2025-07-07 03:27:52,Rechargeable lantern with multiple brightness settings for outdoors.
537,93,90,2025-12-12 23:45:21,Set of resistance bands for strength training at home.
538,908,-92,2025-08-19 23:57:35,Compact campfire for grilling and warmth during camping trips.
539,583,-22,2025-10-24 07:41:48,Canned beans cooked in a savory chili sauce
540,380,-53,2025-07-20 21:56:24,High-density foam roller for muscle recovery.
541,523,33,2026-02-14 10:14:22,"Spiralized zucchini, a healthy alternative to pasta."
542,284,-39,2026-01-18 22:36:20,"Crunchy granola with toasted coconut flakes, perfect for breakfast or snacks."
543,50,11,2025-11-11 04:02:38,"Seasonal pumpkin ice cream, perfect for fall."
544,994,-187,2026-03-05 16:18:43,A refreshing salad made with quinoa and seasonal veggies.
545,853,124,2025-09-03 06:38:44,"The perfect seafood snack, ready to eat and delicious."
546,499,-54,2026-01-17 08:03:15,Colorful bins to keep your space organized.
547,796,-115,2025-07-02 18:15:29,Stylish bar stools with adjustable height and swivel features.
548,778,29,2025-05-16 10:52:13,"A delightful mix of nuts, fruit, and chocolate."
549,48,-151,2026-03-19 18:13:24,"Refreshing and tangy fermented tea, available in various flavors."
550,854,-196,2025-08-06 07:38:53,A classic white button-up shirt for a polished appearance.
551,399,10,2025-08-07 02:49:00,Spicy sauce made with chipotle peppers
552,601,98,2025-05-12 22:46:28,"Creamy ice cream with a warm cinnamon flavor, perfect for dessert."
553,621,197,2026-02-18 08:08:32,A luxurious faux fur coat that adds glamour to any outfit.
554,933,213,2025-06-18 23:10:20,Compact waffle maker for perfect small waffles.
555,565,-140,2025-12-07 21:29:04,Electric indoor grill for quick meals.
556,197,65,2025-05-23 02:20:14,Quick oatmeal with various flavors
557,365,-113,2025-09-30 03:53:04,Supportive pillow designed for a good night's sleep.
558,985,91,2025-12-30 22:50:14,"Spicy chili in a can, ready to eat for a filling meal."
559,208,-97,2026-05-03 18:11:50,"Flavorful lentil soup, perfect for a quick meal."
560,748,-159,2026-03-19 17:28:49,Quick-cooking couscous flavored with herbs and spices.
561,355,-118,2025-08-02 12:49:53,Compact air compressor for inflating tires and sports equipment.
562,194,31,2025-12-30 13:09:01,Easy-to-use tiebacks for curtains or drapes.
563,286,170,2025-07-14 01:13:29,Silicone tray for making ice cubes with a lid to prevent spills.
564,222,109,2025-07-03 16:42:13,Effective roller for removing pet hair from furniture.
565,922,115,2025-12-16 01:22:25,"Easy-to-prepare rice with cilantro and lime flavors, great as a side."
566,373,19,2026-04-27 06:18:01,Rotating spice rack with 20 spice jars.
567,937,102,2026-04-22 20:07:04,Lightweight and breathable running shorts for your workouts.
568,783,-147,2026-01-27 21:11:12,A blend of peach and mango for a tropical smoothie.
569,248,-107,2026-03-07 09:57:59,Compact charcoal grill perfect for tailgating.
570,484,-72,2026-02-11 12:27:50,"Crunchy granola with toasted coconut flakes, perfect for breakfast or snacks."
571,318,65,2025-10-17 05:58:35,"Delicious soft cookies, dairy-free and egg-free, perfect for treats."
572,3,-16,2026-01-11 12:31:34,Rich and creamy smoked Gouda cheese perfect for snacking.
573,492,-43,2025-05-09 04:09:57,"A hearty soup filled with vegetables and herbs, perfect for a light meal."
574,439,36,2025-07-18 08:12:30,"Rich dark chocolate bars, perfect for a sweet treat."
575,800,110,2025-09-16 00:52:42,All-in-one kit for brewing beer at home.
576,639,-15,2025-10-05 22:15:22,"Sweet peach halves packed in juice, great for desserts."
577,909,74,2025-08-26 00:52:49,Light and fluffy popcorn coated in aged white cheddar.
578,386,59,2026-03-18 15:41:22,Make delicious waffles with this user-friendly device.
579,261,19,2025-06-27 10:21:08,Crispy breadsticks seasoned with herbs and garlic.
580,151,-98,2025-06-24 21:59:40,Spicy chili sauce with garlic and sugar for a flavor kick.
581,963,34,2025-07-20 00:19:52,"Spicy and creamy dip made with shredded chicken, perfect for parties."
582,466,34,2026-01-04 17:49:10,Classic V-neck sweater crafted from soft wool for warmth and style.
583,699,-202,2025-10-19 20:24:22,"Authentic Italian pasta, perfect for a classic meal."
584,412,-5,2025-09-25 13:33:06,Everyday flats that combine comfort and style.
585,786,102,2025-07-10 02:02:57,"Low-carb zucchini noodles, perfect for a healthy alternative to pasta."
586,983,65,2025-12-25 00:38:20,Water bottle that tracks your hydration levels.
587,593,-4,2025-12-29 02:33:45,Soft throw blanket for cozy home decor.
588,306,-78,2025-09-05 19:54:34,Color-changing 3D night light for kids' rooms.
589,282,89,2026-04-12 21:41:46,Adjustable stand to improve ergonomics while working on a laptop.
590,952,236,2026-01-28 10:27:53,Rugged phone case for drop protection.
591,350,92,2025-12-31 06:22:34,"A blend of assorted nuts, perfect for snacking or adding to recipes."
592,636,-156,2025-11-22 08:29:47,Wax warmer for creating a soothing atmosphere with fragrances.
593,493,-40,2026-03-28 15:38:06,Multiple USB ports for charging devices simultaneously.
594,622,-94,2025-06-25 20:10:06,Track your meals and nutrition with this handy food journal.
595,843,-24,2026-01-21 06:12:28,Therapeutic weighted blanket for better sleep.
596,476,-138,2025-07-21 22:35:30,Elegant glass teapot for brewing loose tea.
597,405,59,2025-05-26 22:35:14,Durable tablet designed for kids with parental controls.
598,934,-73,2025-10-24 23:48:18,Dried tomatoes packed with deep flavor for salads and pasta.
599,628,-109,2025-07-27 17:44:30,"Firm tofu, a great plant-based protein option."
600,921,-108,2025-07-07 22:11:03,Compact and portable backpack for day trips and travel.
601,715,14,2025-05-23 10:27:17,Eco-friendly cutting board that is safe for dishwashers.
602,57,-121,2025-12-17 09:56:44,"Flavorful chicken sausage, low in fat and fully cooked."
603,887,-18,2025-05-26 01:42:25,Reusable silicone mats for non-stick baking.
604,664,-122,2025-11-30 13:36:00,Smart tracker to locate keys or other items via app.
605,833,13,2026-01-21 09:59:23,Stylish ankle strap heels for a classy look at any event.
606,883,157,2026-02-08 06:31:48,Gentle glove for brushing and massaging your pet.
607,409,-37,2026-03-21 07:38:25,Personalize your calendar with photos and special dates.
608,46,226,2026-03-15 16:32:13,Efficient juicer for fresh fruit and vegetable juices.
609,364,54,2026-04-08 07:16:21,Compact ice maker for creating ice at home or in offices.
610,351,-118,2025-08-05 11:42:17,Quick and easy side dish with buttery flavor.
611,107,-206,2025-10-24 06:00:33,A warming blend of ginger and turmeric for lattes.
612,142,109,2026-03-25 01:48:08,Spacious 2-person camping tent with waterproof cover.
613,397,-78,2025-06-08 01:25:57,Crunchy pretzel nuggets filled with creamy peanut butter.
614,594,1,2025-09-02 16:41:13,Durable baking sheet coated for easy food release.
615,788,40,2025-08-24 23:31:11,"Fresh basil pesto, perfect for pasta or as a sandwich spread."
616,14,214,2026-04-23 18:13:07,Compact keyboard for tablets and smartphones.
617,979,-82,2025-08-18 15:18:17,"A frozen pizza topped with fresh mozzarella, tomatoes, and basil."
618,640,-70,2025-06-23 06:19:16,Silicone tea infuser for brewing loose leaf tea.
619,559,12,2025-12-08 04:43:20,A bright and zesty dressing perfect for salads and tacos.
620,477,143,2025-09-11 18:33:15,Set for making fondue at home.
621,927,130,2026-04-04 19:52:33,Compact air conditioner for personal cooling.
622,554,68,2025-09-24 15:47:20,"Supportive sports bra designed for high-impact workouts, made with moisture-wicking fabric."
623,660,-184,2025-07-10 21:23:27,Safe cleaning solution and tools for electronics screens.
624,104,89,2025-10-06 22:36:27,Nutty and wholesome brown rice.
625,41,-114,2025-10-31 10:25:51,Individually packaged bars made with dried fruits and nuts.
626,25,-47,2025-08-12 00:19:42,Compact jump starter for emergency vehicle starts.
627,233,58,2025-11-22 07:21:21,Set of elegant wine glasses for special occasions.
628,77,96,2025-10-02 14:12:36,"Soothing tea with honey and ginger, great for relaxation."
629,966,-24,2025-12-31 22:26:46,"Fluffy couscous that cooks in just minutes, perfect as a side."
630,806,143,2025-05-06 15:20:58,Organized tackle box for fishing gear.
631,568,68,2025-06-15 03:39:34,"Creamy ice cream with a warm cinnamon flavor, perfect for dessert."
632,990,-32,2025-08-28 21:26:25,Oversized gaming mousepad with smooth surface.
633,11,24,2025-10-30 01:46:40,Durable pet leash with comfortable handle.
634,620,-59,2025-06-05 06:40:20,Roasted Brussels sprouts drizzled with balsamic glaze.
635,344,-71,2025-12-13 19:51:12,Stylish desk lamp featuring a USB charging port.
636,498,-29,2025-12-17 01:26:59,Monitor and interact with your pet remotely with this camera.
637,420,-130,2025-06-03 05:02:35,Durable and non-stick ceramic cookware for healthy cooking.
638,849,-58,2026-02-01 02:52:00,Hands-on experience with science and engineering projects.
639,762,-67,2026-02-08 18:40:36,"Concentrated tomato paste, great for sauces."
640,170,51,2025-05-26 18:39:10,Complete kit to make your own flavored lip balms at home.
641,402,11,2026-02-20 16:52:00,7-in-1 multi-cooker for versatile cooking.
642,151,119,2025-10-30 20:16:33,"Fresh zucchini, versatile for grilling or sautéing."
643,126,139,2025-09-11 21:18:12,Tool to check car engine codes and performance issues.
644,28,-97,2026-01-29 06:22:45,Comfortable and breathable backpack for carrying small pets.
645,933,-94,2025-09-28 17:16:19,A blend of spices that brings the taste of fall to your baked goods.
646,665,-31,2025-05-04 12:12:23,Convenient magnetic jars for easy spice storage.
647,189,-6,2025-08-07 19:26:21,Crunchy granola full of peanut butter flavor and oats.
648,839,-207,2026-02-23 10:32:00,Creamy hummus made with sweet peas and tahini.
649,616,102,2025-07-01 09:44:45,Easy-to-make falafel mix for a tasty vegetarian meal.
650,491,67,2025-07-28 22:08:52,"Rich tart filled with chocolate and raspberry, a gourmet dessert."
651,18,-38,2025-09-20 06:55:14,"Salmon fillets seasoned with lemon and dill, perfect for grilling."
652,79,17,2025-10-09 02:25:43,Crunchy granola with cranberries and pecans.
653,939,101,2026-01-22 16:17:09,Protects car interior from sun damage and heat.
654,395,115,2025-06-25 13:02:19,Bell peppers stuffed with rice and vegetables
655,901,-162,2026-01-01 02:10:53,Comfortable hiking boots for outdoor adventures.
656,129,-94,2025-09-09 07:25:53,Comfortable hiking boots for outdoor adventures.
657,521,-19,2025-06-09 20:12:45,Eco-friendly silicone bags for food storage and snacks.
658,496,-40,2026-04-18 18:14:41,Beautiful leather-bound journal for writing and sketching.
659,152,-5,2025-09-10 19:08:10,Durable baking sheet coated for easy food release.
660,773,87,2026-03-04 00:54:44,"Smooth and creamy, ideal for spreads or baking."
661,383,96,2025-11-13 09:37:21,"Quick oatmeal packets infused with apple and cinnamon, perfect for breakfast."
662,524,11,2025-12-24 02:20:46,UV light sanitizer for phones and small items.
663,739,54,2026-03-29 21:41:00,Quick and easy way to remove wrinkles from clothes.
664,126,49,2026-02-01 19:17:19,A zero-calorie coconut oil spray for cooking and baking.
665,300,233,2025-12-22 20:34:54,Portable car vacuum cleaner with strong suction.
666,826,-110,2026-04-09 20:09:29,Modern lamp featuring a USB port for convenient charging.
667,31,-226,2025-07-24 14:17:00,"A hearty soup made with lentils, coconut milk, and a blend of spices for a tropical flavor."
668,318,18,2026-03-18 06:06:45,"Rich and creamy dressing with garlic flavor, perfect for salads."
669,636,67,2025-07-02 20:57:33,"Compact towels that expand when wet, ideal for travel."
670,1000,-84,2025-11-06 03:38:23,A delightful mix of dried fruits for trail mix or snacks.
671,124,1,2025-05-07 13:25:24,Stylish black leather jacket featuring a zip-up front and multiple pockets.
672,311,128,2026-02-02 18:05:45,Supportive yoga wheel for deep stretching and balance.
673,961,37,2026-03-03 06:01:49,Perfectly balanced sweet and tangy BBQ sauce for dipping or grilling.
674,597,37,2026-03-17 15:42:36,A blend of spices perfect for seasoning steak.
675,146,141,2026-01-14 23:06:18,"Multi-function pressure cooker that can sauté, steam, and slow cook."
676,690,-22,2026-04-08 19:19:34,"Golden brown potato tots, crispy on the outside and fluffy inside."
677,366,-3,2025-11-30 08:06:38,Elegant tea set that includes an infuser for brewing.
678,190,18,2026-02-09 07:30:24,A delightful mix of dried fruits for trail mix or snacks.
679,669,-69,2025-07-23 19:43:21,Compact hair straightener for travel.
680,55,90,2025-07-08 09:42:01,A timeless wardrobe staple crafted from soft cotton with a perfect fit.
681,278,198,2025-08-13 12:14:25,Complete tattoo kit for beginners and professionals.
682,993,-133,2025-07-29 05:44:17,Ready-to-eat chicken bowl with teriyaki sauce and rice.
683,6,116,2025-10-26 18:28:11,"Customizable RGB LED light strip, perfect for mood lighting."
684,501,90,2025-09-06 20:35:37,"Savory hash made with sweet potatoes and kale, a perfect side dish."
685,783,-14,2026-01-21 17:58:10,Fairy lights perfect for decorating patios and backyards.
686,19,35,2026-02-01 15:54:00,Crispy cheese snacks that melt in your mouth.
687,448,-34,2025-10-29 18:30:51,"Light and fluffy cream cheese, perfect for bagels or cooking."
688,718,115,2025-10-18 18:10:49,Fresh salsa made with pineapple and spices
689,978,116,2025-05-30 10:33:40,A healthy vegan cheese alternative packed with nutrients and flavor.
690,955,83,2026-03-21 13:46:13,"A hearty salad with lentils, veggies, and curry dressing."
691,65,131,2026-01-18 04:05:04,"Roasted pistachios, a healthy and tasty snack."
692,274,231,2026-03-24 16:57:18,Frozen mix for quick berry smoothies.
693,140,-1,2025-11-26 21:48:36,Ceramic incense holder for a calming atmosphere.
694,463,-41,2025-12-06 18:20:50,Delicious and tangy marinade for grilling or baking chicken.
695,971,-57,2026-04-24 11:12:02,Mint-flavored chocolate candies for a refreshing treat.
696,846,-4,2025-11-29 09:53:27,Breathable polo shirt designed for both style and comfort on the greens.
697,337,222,2026-04-11 11:28:46,A stunning lace dress perfect for special occasions.
698,866,83,2025-10-01 15:36:46,Compact waffle maker for perfect small waffles.
699,832,103,2026-03-04 10:10:10,Heat-sensitive mug that changes color when filled with hot liquid.
700,927,2,2025-12-09 02:33:23,Ready-to-drink shots made with fresh ginger and turmeric.
701,10,87,2025-09-26 01:32:14,Lightweight yoga mat for practicing on the go.
702,834,-9,2026-02-19 18:15:49,"Creamy yogurt made from coconut milk, dairy-free and delicious."
703,717,109,2026-04-02 09:33:00,Control lights remotely with this smart switch.
704,858,69,2025-10-24 12:49:55,A warm and sustainable wool scarf for chilly days.
705,724,-50,2025-10-12 09:58:26,DIY kit to make your own elderberry syrup.
706,79,-137,2025-09-08 04:09:41,Ergonomic footrest for easier pedicure treatment.
707,259,-275,2025-10-31 09:38:14,Bluetooth speakers with excellent sound quality.
708,662,110,2025-10-17 22:56:44,"A nutritious quinoa salad with veggies and dressing, ready-to-eat."
709,317,3,2025-10-26 00:38:47,"Skillet that can fry, grill, and sauté with ease."
710,977,-50,2026-04-03 19:41:48,Healthy pasta alternative made from chickpeas
711,40,19,2025-12-24 00:37:25,Safe and easy-to-use nail clippers for pets.
712,443,-72,2026-03-07 21:43:26,Frozen vegetable primavera for quick meals.
713,106,-27,2026-04-23 07:49:22,"Creamy ranch dressing, perfect for salads and dips."
714,600,-166,2026-02-17 06:27:44,Durable and shatterproof silicone glasses for outdoor use.
715,666,1,2025-06-15 19:53:43,Comfortable kneeling pad for gardening or home projects.
716,617,160,2025-09-14 07:30:04,Savory lentil chips with BBQ flavor
717,472,-10,2026-03-23 12:40:26,Quick and easy side dish with buttery flavor.
718,230,-55,2026-04-12 08:57:30,Delicious cookies with cranberries and almonds in every bite.
719,124,29,2025-07-13 09:29:13,Wheeled cooler for transporting drinks and snacks.
720,938,-43,2025-09-11 18:34:08,"Creamy and rich vanilla ice cream, a classic dessert."
721,68,29,2025-07-24 09:22:53,"A tangy marinade for meats and veggies, packed with garlic flavor."
722,368,-115,2026-04-03 18:44:12,Practical organizer for keeping your home tidy and clutter-free.
723,314,40,2025-06-12 08:04:08,Instant pressure cooker with multiple cooking settings.
724,535,-58,2026-01-28 15:02:07,Creamy pumpkin soup with spices
725,921,-5,2025-12-17 18:13:57,Eco-friendly sealer for protecting concrete surfaces.
726,729,-45,2026-02-06 11:19:05,Deliciously rich brownies made with almond flour.
727,77,16,2025-05-06 14:05:08,1080p wireless security camera with night vision.
728,6,12,2026-04-16 07:39:34,Everything you need to bake delicious chocolate chip cookies.
729,747,56,2026-01-10 17:40:21,Magnetic puzzle assembly board for kids.
730,545,5,2025-08-14 10:17:44,Instant pressure cooker with multiple cooking settings.
731,103,-159,2025-05-14 21:02:30,Fresh sliced bell peppers for salads or stir-fries.
732,152,114,2025-05-23 11:34:33,"Fresh and tart organic green apples, great for snacking or baking."
733,296,51,2026-02-27 09:20:39,Convenient strap for carrying yoga mats to class.
734,882,95,2025-08-02 17:14:28,"A mix of grilled vegetables, ready to heat for quick side dishes."
735,610,37,2025-12-10 14:34:30,Stylish scarves to accessorize any outfit.
736,430,-22,2026-01-18 21:24:23,Portable induction cooktop for quick heating.
737,612,105,2025-09-22 10:57:41,Handheld sprayer designed for washing pets easily.
738,414,79,2025-07-22 09:59:52,Eco-friendly coffee filter for brewing.
739,676,91,2026-01-17 06:40:49,"A creamy spread made with chocolate and hazelnuts, perfect for toast."
740,663,123,2025-07-25 23:38:41,Crunchy corn chips flavored with chili and lime for a zesty kick.
741,326,145,2026-03-22 04:23:11,Plant-based protein powder for post-workout recovery.
742,203,142,2025-12-05 19:14:46,"Creamy yogurt made with coconut and cashews, dairy-free."
743,69,-93,2025-11-21 07:58:18,"Refreshing apple juice, 100% juice with no added sugar."
744,111,-43,2025-08-19 14:20:09,"Rich chocolate cups filled with almond butter, a delicious treat."
745,935,104,2025-06-24 07:23:14,Programmable digital thermostat for home heating.
746,685,26,2025-12-28 08:14:22,Gentle glove for brushing and massaging your pet.
747,840,71,2025-12-29 04:35:50,Durable tarp for outdoor camping and protection.
748,14,-120,2025-05-04 11:54:31,Crispy chickpeas roasted with honey for a sweet and satisfying snack.
749,347,0,2026-01-15 06:50:02,"Frozen cauliflower bites coated in spicy buffalo sauce, ready to bake and enjoy as an appetizer."
750,757,-37,2026-03-16 12:37:52,Adds extra comfort to your mattress for a better night's sleep.
751,748,-28,2026-01-09 10:55:03,Lightweight hammock for easy setup anywhere.
752,453,-15,2026-04-06 08:22:28,Set of unique wooden coasters for drinks and decor.
753,597,-71,2025-11-21 04:28:34,Set of decorative cushion covers for home decor.
754,502,-179,2025-09-09 02:25:15,Fragrant fried rice with authentic Thai basil and veggies.
755,905,130,2026-01-23 09:55:11,Comfortable slide sandals for lounging by the pool.
756,129,-43,2025-08-25 17:50:13,Durable 50-foot garden hose with nozzle.
757,103,-81,2025-09-21 01:10:47,Rich chocolate protein powder for smoothies and baking.
758,360,-184,2025-11-22 19:37:44,Wi-Fi-enabled digital frame for displaying photos.
759,569,29,2026-04-17 10:39:43,Brews coffee with a smooth flavor without bitterness.
760,339,20,2025-10-15 12:14:08,"Delicious pretzel bites with a sweet honey mustard flavor, perfect for dipping."
761,804,88,2025-10-24 08:54:15,"Unsweetened apple sauce, great for snacks or baking."
762,11,148,2026-02-05 03:15:32,"A savory marinade for meats, perfect for grilling."
763,743,16,2025-09-12 20:21:06,Solar-powered charger for smartphones and tablets.
764,883,-55,2025-07-21 16:31:46,Make delightful blueberry muffins at home with this easy mix.
765,863,137,2025-12-17 07:40:40,Sweet and tangy balsamic reduction for drizzling.
766,189,229,2025-08-23 23:53:31,Refreshing sparkling water with lemon and lime flavor
767,745,-67,2026-04-02 07:19:25,Compact organizer for cosmetics during travel.
768,188,-110,2026-02-26 21:54:57,Mixed fresh vegetables for stir-frying or roasting.
769,652,-148,2025-09-24 16:11:55,Everything you need to make delicious spicy tuna rolls at home.
770,994,153,2025-08-10 15:43:21,Magical lens kit for kids to explore the outdoors.
771,713,-63,2026-04-26 19:10:34,"Creamy mashed sweet potatoes, ready to heat and serve."
772,119,145,2025-06-24 03:43:59,Comprehensive first aid kit for home and travel.
773,896,-73,2026-03-12 06:08:30,"Deliciously crunchy sweet potato chips, seasoned to perfection."
774,238,71,2025-09-01 21:08:53,Quick and easy side dish with buttery flavor.
775,90,58,2025-09-27 19:29:03,Twisted pasta perfect for salads and pasta dishes.
776,434,151,2025-05-25 06:06:20,"Fresh baby spinach leaves, great for salads and smoothies."
777,236,-36,2025-08-28 16:09:46,Instant mix for delicious pumpkin spice lattes at home.
778,421,-27,2026-01-13 05:30:43,"Crunchy granola bars made with almond butter, oats, and honey, perfect for on-the-go snacking."
779,3,-7,2025-06-27 04:18:30,Thick and durable mat for workouts and yoga.
780,715,-152,2026-01-07 00:21:12,Instant mix for creamy vanilla pudding.
781,248,-192,2025-06-18 15:25:07,Complete station with supplies for kids' art projects.
782,933,-173,2026-02-10 07:10:08,Elegant glass decanter for aerating wine.
783,572,-89,2026-03-04 05:15:58,Relax and soothe tired feet with this foot spa.
784,185,132,2026-01-02 04:23:14,Easy-to-make falafel mix for a tasty vegetarian meal.
785,668,-37,2025-07-21 11:54:21,Compact ice maker for creating ice at home or in offices.
786,333,-143,2025-08-24 16:38:42,Natural energy bites packed with fruits and nuts for a perfect snack.
787,911,172,2025-07-17 13:22:16,"Crunchy, toasted coconut chips for snacking."
788,733,-51,2025-09-03 17:57:58,"A sweet and spicy sauce, great for dipping or cooking."
789,224,11,2025-05-18 13:17:53,Stylish hooks to easily hang shower curtains.
790,806,50,2026-02-14 07:36:06,Challenging puzzle game set for family entertainment.
791,922,71,2025-09-02 19:23:12,Comfortable and stretchy legging pants perfect for workouts or daily wear.
792,513,-30,2025-07-09 16:47:40,64GB SD memory card for cameras and devices.
793,294,22,2025-09-26 23:22:27,Therapeutic weighted blanket for better sleep.
794,604,62,2025-06-21 00:20:25,Organized tackle box for fishing gear.
795,349,14,2025-07-23 22:13:38,Colorful building blocks for creative play.
796,852,-65,2025-08-04 22:23:42,Healthier way to make popcorn in the microwave without oil.
797,142,-31,2026-01-06 05:49:23,Perfect dipping sauce or stir-fry addition for a sweet and tangy flavor.
798,890,94,2026-01-17 13:25:41,Bottle with infuser for brewing loose-leaf tea on the go.
799,175,184,2025-11-24 23:41:06,Large wall planner for organizing schedules.
800,33,119,2025-09-26 23:16:23,Personalized nameplate for offices or homes.
801,192,31,2026-01-14 02:28:52,Rechargeable lantern with multiple brightness settings for outdoors.
802,58,11,2025-08-17 04:12:16,Crispy and crunchy snack made from assorted vegetables.
803,583,-84,2025-05-25 10:02:51,"Fresh green cabbage, great for salads and slaws."
804,423,91,2026-03-18 06:37:22,High-performance compression tights designed for optimal support and comfort.
805,900,-222,2025-12-26 17:23:37,Crunchy granola mixed with coconut flakes.
806,444,18,2025-07-22 17:36:14,Refreshing cranberry juice with no added sugar.
807,888,-39,2026-02-20 01:29:16,Beautifully crafted jewelry box with compartments for storage.
808,420,2,2025-07-04 15:44:52,Ergonomic mouse designed for gamers with high DPI.
809,441,133,2026-03-16 13:38:57,Scented bath salts for relaxation and self-care.
810,712,69,2026-03-03 13:21:20,A sweet and spicy sauce ideal for spring rolls or chicken nuggets.
811,361,234,2025-06-07 23:58:36,Classic wooden building blocks for toddlers.
812,513,150,2025-05-08 20:10:07,A wholesome granola with bits of apple and a touch of cinnamon.
813,91,-19,2025-12-17 12:17:13,Non-contact thermometer for quick and easy temperature readings.
814,446,50,2026-01-18 21:53:53,Durable non-stick frying pan for easy cooking and cleaning.
815,676,51,2025-07-08 00:40:55,"Sweet and salty popcorn with sea salt and caramel, a tasty treat."
816,508,258,2025-08-25 10:16:52,"Healthy whole grain cereal, great for breakfast."
817,296,107,2025-06-02 00:44:23,Durable and shatterproof silicone glasses for outdoor use.
818,834,30,2025-08-16 11:43:41,Soft foam blocks perfect for building and imaginative play.
819,131,195,2025-12-16 08:43:57,Colorful LED strip lights for home decoration.
820,732,195,2026-02-10 19:13:11,High-quality matcha for making traditional tea or lattes.
821,67,1,2025-07-12 16:23:33,Wireless microphone for singing and performances.
822,781,-61,2026-02-10 14:35:49,Set of resistance bands for strength training at home.
823,826,101,2026-03-29 10:06:27,Automatically cooks eggs to your desired level.
824,902,103,2026-04-25 04:01:12,"Tender riblets coated in a honey barbecue glaze, perfect for grilling or baking."
825,412,45,2025-08-23 20:29:11,"Soft and warm corn tortillas, perfect for tacos and burritos."
826,585,15,2026-01-02 18:29:38,Tangy and crunchy dill pickles.
827,254,-106,2025-11-24 15:00:21,"Salmon fillets seasoned with lemon and dill, perfect for grilling."
828,445,-23,2026-04-15 21:54:12,"Assorted herbal teas, perfect for a warm and relaxing drink."
829,575,-38,2026-01-01 13:59:53,"A rich marinade perfect for meats and vegetables, infused with Italian herbs and balsamic vinegar."
830,553,-97,2025-05-09 17:11:07,Compact blender that comes with travel cups for smoothies.
831,989,104,2025-10-31 08:38:05,Love-themed molds for creating desserts and treats.
832,189,-31,2025-10-22 09:14:34,Small toolkit with essentials for home repairs.
833,767,-38,2026-04-11 18:33:02,Marinated chicken grilled with lemon and herbs.
834,459,79,2026-04-01 11:23:58,Versatile multi-tool with 15 different functions.
835,64,-54,2025-08-14 13:06:54,Variety of bands suitable for all fitness levels.
836,964,-140,2026-02-08 21:54:10,"Crispy chips with a sweet twist, perfect for dipping."
837,924,-183,2025-06-19 04:01:55,Mixed fresh vegetables for stir-frying or roasting.
838,325,-20,2026-02-18 13:45:33,"Tangy goat cheese infused with herbs, perfect for snacking."
839,586,-128,2025-10-27 10:13:17,"Frozen sausage patties made with herbs and spices, perfect for breakfast sandwiches."
840,829,-18,2025-07-31 05:32:35,Rich chocolate syrup for ice cream or beverages.
841,778,67,2025-09-30 08:53:56,Bold graphic hoodie featuring a comfortable fit and soft fabric.
842,282,63,2026-02-24 11:17:03,"Fluffy quinoa mixed with lemon zest and herbs, a perfect side."
843,87,-177,2026-01-10 13:28:36,Soft cotton pajama set for cozy nights in.
844,889,-287,2025-09-21 15:10:03,Natural sweetener for baking and cooking.
845,245,91,2026-01-09 19:51:08,Eco-friendly charger that uses solar energy for powering devices.
846,76,-273,2025-09-16 00:27:00,Refreshing basil-infused lemonade for a cool drink.
847,563,-204,2025-10-28 16:21:11,"Crispy chips made from assorted garden vegetables, lightly salted."
848,454,-133,2025-11-03 20:22:20,"Fresh and crunchy cucumbers, great for salads."
849,830,69,2025-07-08 08:01:39,Sweet and savory sauce for marinating and glazing meats or vegetables.
850,213,99,2025-11-24 15:50:31,Eco-friendly solar lights for pathways and gardens.
851,908,-31,2026-03-16 09:37:52,Hearty tomato soup made from organic ingredients.
852,562,-183,2025-07-04 12:54:10,"Nutritious protein bar with cherry and almond flavor, great for on-the-go."
853,793,-11,2025-10-15 20:17:07,Convenient stroller for pets to enjoy outdoor walks.
854,279,-30,2026-04-23 00:09:16,"All-in-one tool for measuring soil moisture, light, and pH."
855,410,274,2026-02-25 08:20:58,Energy-efficient infrared heater for home use.
856,73,-128,2025-06-14 21:03:39,Portable rechargeable warmer for cold days.
857,8,102,2026-02-11 12:47:05,Soft silicone earbud covers for comfort and fit.
858,50,139,2025-12-11 00:06:05,Light and crunchy rice cakes made from organic brown rice.
859,983,46,2025-11-19 06:59:57,Smoky and sweet BBQ sauce for grilling and dipping.
860,686,-41,2025-05-11 16:33:58,A seasonal creamer that adds pumpkin spice flavor to coffee or tea.
861,809,-54,2025-10-27 01:05:32,A timeless baseball cap that adds a sporty touch to any outfit.
862,630,70,2025-12-04 04:23:50,Adds extra comfort to your mattress for a better night's sleep.
863,368,73,2026-02-24 11:18:14,Comfortable gaming chair for long hours of play.
864,382,-163,2026-02-09 09:19:02,Complete set for grilling and tailgating fun.
865,441,6,2026-03-19 13:28:37,"A zesty salad with black beans, corn, and chipotle dressing."
866,275,39,2025-08-15 07:12:49,A blend of dried herbs commonly used in Italian cooking.
867,679,-12,2025-10-21 13:16:24,Pulled jackfruit in a smoky BBQ sauce for a tasty vegan dish.
868,706,54,2025-07-04 07:28:55,Nostalgic clock that adds charm to any room.
869,324,48,2025-09-15 08:48:41,"Fresh pomegranate juice, rich in antioxidants."
870,369,89,2026-03-29 11:44:12,Tender beef chunks for slow-cooked stews.
871,54,-132,2026-04-01 16:27:00,A blend of mixed nuts for snacking.
872,523,-69,2026-01-17 13:09:21,Compact hand mixer for easy baking.
873,413,-92,2025-10-09 01:19:21,Classic cereal made with whole grains and honey.
874,518,-56,2025-10-13 16:40:11,Durable speaker designed for outdoor use with water resistance.
875,748,-70,2026-01-08 15:39:46,Heavy-duty bicycle lock for security.
876,717,-109,2026-05-01 20:05:07,"A refreshing drink mix that combines sweet raspberries and tart lemons, perfect for summer."
877,411,-23,2025-06-25 03:45:38,Mixed fresh vegetables for stir-frying or roasting.
878,5,-31,2025-07-27 00:58:21,High-performance mechanical keyboard with customizable RGB.
879,916,-102,2025-08-07 00:27:50,"Hearty chili made with beans and vegetables, a savory meal option."
880,629,13,2025-07-31 06:09:37,Stylish tote to keep wine bottles chilled while traveling.
881,223,60,2025-11-19 05:10:31,A delicious sauce perfect for stir-frying or glazing meats.
882,704,27,2025-07-27 10:20:07,Nutritious bars packed with protein for energy
883,898,107,2025-08-11 12:30:44,"Salmon fillets seasoned with lemon and dill, perfect for grilling."
884,437,93,2025-10-13 01:07:46,"A delightful mix of nuts, fruit, and chocolate."
885,931,56,2025-05-12 07:43:39,Durable scoop for perfectly shaped ice cream servings.
886,371,-23,2025-11-30 00:36:51,A stunning lace dress perfect for special occasions.
887,963,24,2026-04-30 21:04:21,Soft and chewy cookies made with creamy peanut butter.
888,111,11,2026-01-28 21:14:00,"Fruits dipped in rich chocolate, perfect for desserts."
889,402,-50,2026-03-30 10:29:08,Soft cotton pajama set for cozy nights in.
890,724,-42,2025-07-15 04:13:47,Boosts your Wi-Fi coverage for better connectivity.
891,494,-51,2025-05-14 07:18:21,Stylish bar stools with adjustable height and swivel features.
892,807,-139,2025-06-16 10:00:51,"A comfortable henley shirt made of soft cotton, perfect for casual outings."
893,470,-29,2025-10-07 22:35:19,Interactive kitchen set for imaginative play.
894,43,96,2025-05-16 23:04:29,Creamy and crumbly cheese for salads and dishes.
895,134,81,2025-06-26 16:05:18,Compact hair dryer with multiple heat settings.
896,481,18,2026-04-17 22:13:35,Foldable kneeler that doubles as a seat for gardening convenience.
897,887,43,2025-06-20 21:41:31,Safe cleaning solution and tools for electronics screens.
898,578,-184,2025-06-24 22:19:03,Frozen mix for quick berry smoothies.
899,264,133,2026-04-19 16:51:05,32GB USB flash drive with fast data transfer speeds.
900,756,22,2026-03-01 09:50:16,Compact hose reel to keep your garden tidy.
901,891,-136,2025-07-12 13:50:06,Vacuum-insulated tumbler for beverages on the go.
902,802,-214,2025-11-01 18:06:50,"A mix of nuts, pretzels, and crackers, seasoned just right for snacking."
903,206,0,2026-04-18 18:36:21,Stackable steamers for healthy cooking of vegetables and seafood.
904,829,30,2025-12-18 09:28:09,Ceramic pizza stone for homemade pizzas.
905,219,74,2025-08-14 04:56:50,Stainless steel measuring spoons set for cooking.
906,302,-81,2025-12-05 13:15:13,Comfortable and warm leggings perfect for colder weather.
907,548,-55,2026-02-04 20:46:14,Precision cooker for perfect sous vide cooking.
908,312,15,2025-10-08 09:26:02,Set for making fondue at home.
909,745,10,2026-04-03 16:23:20,A sweet and spicy sauce for dipping or cooking.
910,324,-94,2025-10-18 20:09:37,Juicy burger patties made with grass-fed beef
911,452,-40,2025-05-18 13:12:36,"Low-carb zucchini noodles, perfect for a healthy alternative to pasta."
912,377,-166,2026-01-21 21:41:58,Soft and breathable cotton sweatpants perfect for lounging or workouts.
913,242,116,2025-09-26 21:20:51,Single-serve coffee maker with a built-in grinder.
914,10,-50,2025-05-12 10:15:47,Filters allergens and pollutants from the air for a healthier home.
915,691,43,2025-07-16 07:51:46,Jump rope that counts your jumps for tracking workouts.
916,236,185,2026-04-16 21:02:07,Windshield sunshade for car interior protection.
917,400,194,2025-07-13 17:24:23,Frozen mix of colorful stir-fry veggies.
918,971,4,2025-09-30 16:31:33,Stainless steel measuring spoons set for cooking.
919,289,-11,2026-01-15 06:38:28,Herbal tea blend with ginger and turmeric for a soothing drink.
920,834,72,2026-01-03 04:44:20,A ready-to-eat salad made with chickpeas and veggies.
921,323,-66,2026-03-30 23:09:17,A mix of brined Mediterranean olives for snacking.
922,154,-18,2025-10-14 18:10:10,Fun lunchbox for kids with a sturdy design.
923,636,9,2025-06-11 20:33:32,Strong magnetic holder for smartphones in cars.
924,969,-51,2025-11-07 17:09:32,Stylish smartwatch with fitness tracking and notifications.
925,997,-201,2025-10-12 11:08:19,Pure maple syrup for pancakes and more.
926,129,141,2025-05-17 03:57:15,Durable ceramic bakeware for casseroles and desserts.
927,886,101,2026-01-30 03:35:54,"Savory, roasted nuts seasoned with garlic and parmesan."
928,838,6,2026-01-29 21:15:05,Cordless electric knife for effortless slicing.
929,629,68,2025-08-08 20:08:43,Scented bath salts for relaxation and self-care.
930,972,-143,2025-06-10 11:40:49,"Crunchy chips made from blue corn, perfect for dipping."
931,619,-57,2026-01-04 11:04:00,Durable scoop for perfectly shaped ice cream servings.
932,941,85,2025-12-27 16:01:15,Reusable suction cup hooks for hanging items.
933,273,-25,2025-11-12 03:13:30,No-bake energy bites made with peanut butter and oats.
934,302,-132,2026-03-07 12:08:04,"Crunchy chips made from blue corn, perfect for dipping."
935,956,71,2026-01-30 04:22:19,"Wild-caught tuna in olive oil, perfect for salads."
936,452,163,2025-07-09 17:38:18,"High-density, non-slip yoga mat for stability and comfort."
937,997,-109,2025-07-29 17:35:33,Sweet and savory sauce for marinating and glazing meats or vegetables.
938,130,85,2025-10-12 22:26:01,Natural elderberry syrup to boost immunity.
939,63,64,2025-06-19 00:57:23,Pack of ultra-soft microfiber cloths for cleaning.
940,175,35,2025-12-22 21:45:33,Durable and insulated water bottle to keep beverages cold.
941,870,-60,2025-12-12 11:18:36,Convertible kneeler and seat for gardening comfort.
942,664,76,2025-12-30 12:53:06,Fun and colorful wall decals for children's rooms.
943,134,10,2026-01-30 06:36:28,Flavored aioli made with roasted garlic
944,659,-117,2026-01-23 08:08:01,Natural air purifiers to absorb odors and moisture.
945,813,35,2026-01-25 18:52:36,"Fresh thyme, perfect for seasoning dishes."
946,383,-46,2025-10-01 01:51:06,Crunchy pretzel sticks made with honey and whole wheat.
947,438,157,2025-06-18 05:42:06,Frozen smoothie pack with strawberries and bananas.
948,98,-22,2025-12-24 16:16:04,Water bottle with built-in UV-C light for self-cleaning.
949,69,-102,2025-06-14 17:14:35,Self-cleaning grooming brush for cats and dogs.
950,159,-156,2025-10-19 03:13:39,Stylish dish soap dispenser with sponge holder.
951,387,111,2025-06-04 03:32:03,A sleek leather wallet that combines style and functionality.
952,712,-4,2025-08-16 07:50:36,Secure phone mount for your vehicle's dashboard.
953,585,124,2026-04-09 08:19:48,"Fresh baby spinach leaves, great for salads and smoothies."
954,484,-52,2025-12-14 01:03:28,"Canned beans with chili sauce, perfect for chili dishes."
955,13,-87,2025-07-18 00:49:53,Mint-flavored chocolate candies for a refreshing treat.
956,217,-71,2025-07-24 20:35:38,"Juicy meatballs made with a blend of beef and pork, seasoned with Italian herbs."
957,58,67,2025-11-07 04:23:15,Customizable window cover for light control and privacy.
958,812,-60,2025-10-28 08:25:34,Wearable diffuser for scenting your space and body.
959,612,36,2025-09-03 23:50:41,Strategic board game for family game nights.
960,673,-78,2025-05-13 19:53:36,"Tender riblets coated in a honey barbecue glaze, perfect for grilling or baking."
961,95,-120,2025-06-30 17:06:18,Rich and creamy pudding made with ripe avocados and cocoa.
962,27,-88,2025-06-09 21:17:37,Delicious waffles infused with pumpkin and spices.
963,295,-2,2025-07-12 05:09:57,Powerful blender for smoothies and soups.
964,471,-30,2026-01-20 05:14:23,Space-saving rack to store and organize spices conveniently.
965,882,86,2025-11-24 18:16:11,"A sweet and spicy salsa made with mangoes and a hint of chili, great with chips or grilled chicken."
966,780,96,2025-08-08 00:25:09,Stylish tote to keep wine bottles chilled while traveling.
967,135,-249,2025-09-20 16:09:05,"A sweet and spicy salsa made with mangoes and a hint of chili, great with chips or grilled chicken."
968,505,155,2025-07-29 14:30:50,Ear protection for shooting and industrial use.
969,571,19,2026-04-18 10:38:34,A soothing herbal tea made from ginger root.
970,395,-40,2026-01-03 09:45:57,Battery-operated blender for smoothies on the go.
971,987,74,2025-07-10 14:45:18,"Hearty beef chili, ready to heat and eat."
972,843,21,2025-06-02 17:23:29,Delicious dark chocolate cups filled with creamy peanut butter.
973,270,84,2025-07-09 19:47:07,"Thin and crispy flatbreads, perfect for dips."
974,828,-25,2025-09-05 23:21:11,"Sweet and salty kettle corn, perfect for snacking."
975,74,-42,2025-08-15 08:06:22,Fairy lights perfect for decorating patios and backyards.
976,735,87,2026-02-13 15:33:15,"Savory hash made with sweet potatoes and kale, a perfect side dish."
977,814,78,2026-03-01 06:56:06,A flavorful blend of rice with tropical pineapple and coconut flavors.
978,679,-157,2025-11-17 16:51:40,"Rich and creamy dressing with garlic flavor, perfect for salads."
979,838,164,2025-11-30 19:29:13,A flavorful barbecue sauce with a sweet and spicy kick.
980,211,110,2026-01-31 03:16:17,"Pasta alternative made from sweet potatoes, gluten-free and rich in flavor."
981,463,61,2026-04-26 12:53:22,Energy-efficient lights to illuminate outdoor areas.
982,15,166,2026-02-27 07:14:26,Juicy raisins coated in rich dark chocolate.
983,136,72,2025-08-06 15:36:53,"Stylish two-tone windbreaker, perfect for active days."
984,942,143,2026-01-12 18:46:41,Sweet and crunchy roasted almonds.
985,376,-41,2025-08-01 16:20:43,Small fridge designed to keep skincare products cool and fresh.
986,215,30,2025-10-06 05:18:50,Complete crafting kit for kids and adults.
987,139,-54,2026-01-14 16:15:59,Compact pocket tool with various built-in functions.
988,558,-139,2025-10-30 14:23:13,Abstract canvas print to enhance home decor.
989,673,-61,2025-06-24 11:42:52,Soft cookies made with almond butter
990,981,-59,2025-11-20 22:39:34,Inspiring cookbook with healthy recipes.
991,268,67,2026-03-15 13:20:36,Creamy yogurt made with coconut milk
992,276,-54,2025-10-20 12:30:22,"Fresh organic sweet potatoes, great for roasting or mashing."
993,56,-37,2026-04-10 09:00:48,Cordless handheld vacuum for quick cleanups.
994,1000,50,2025-11-05 07:29:24,"Spicy and creamy dip made with shredded chicken, perfect for parties."
995,562,-25,2025-10-31 11:04:04,"Smart tailored dress pants, perfect for work or formal events."
996,425,-134,2026-01-06 19:54:00,"All-in-one tool for measuring soil moisture, light, and pH."
997,835,-168,2025-08-29 02:35:26,Fairy lights perfect for decorating patios and backyards.
998,526,30,2025-12-26 17:49:31,"Natural pink salt, perfect for seasoning."
999,578,82,2026-02-16 14:04:10,"Crispy fries tossed in truffle oil and parmesan, a gourmet snack."
1000,358,62,2026-01-29 07:56:55,"Traditional Korean fermented vegetables, packed with flavor."
