id,racun_id,znesek,datum
1,974,61.60,2019-09-13T06:32:13Z
2,315,27.36,2019-01-12T17:36:55Z
3,29,-79.55,2019-04-20T23:28:49Z
4,118,38.43,2019-11-29T16:42:32Z
5,589,-74.72,2020-02-29T18:59:07Z
6,445,78.67,2019-09-17T09:46:33Z
7,98,-73.98,2019-03-30T19:17:15Z
8,335,-12.45,2020-03-06T15:23:41Z
9,446,-4.30,2019-02-14T17:41:35Z
10,407,19.46,2019-03-07T12:39:36Z
11,377,-6.08,2019-09-07T04:14:41Z
12,803,73.20,2019-08-20T07:17:26Z
13,268,16.62,2019-11-23T21:06:37Z
14,528,7.14,2019-03-22T13:40:38Z
15,629,-86.53,2019-07-31T01:04:00Z
16,772,-12.47,2019-06-01T01:14:35Z
17,575,-76.43,2019-09-18T22:38:38Z
18,137,-29.39,2020-01-22T23:48:07Z
19,138,76.05,2020-01-22T03:46:46Z
20,623,-66.70,2019-12-02T23:55:04Z
21,504,-33.35,2019-07-08T20:04:05Z
22,818,48.17,2019-08-12T02:28:09Z
23,898,-80.69,2019-02-12T02:22:47Z
24,702,-29.57,2019-09-12T12:09:50Z
25,975,-77.30,2019-07-18T15:52:21Z
26,854,-42.86,2020-01-31T16:20:32Z
27,812,-60.46,2019-02-26T21:40:49Z
28,700,2.05,2019-02-01T23:34:17Z
29,541,41.68,2019-03-16T22:22:57Z
30,599,94.25,2020-02-01T08:16:27Z
31,739,-51.61,2019-04-15T13:33:37Z
32,864,88.05,2019-12-29T03:27:47Z
33,5,29.77,2019-03-14T16:44:59Z
34,541,5.05,2019-10-21T22:16:19Z
35,677,-37.69,2019-12-25T07:17:43Z
36,526,-55.41,2019-05-09T01:03:29Z
37,479,57.74,2019-09-25T04:44:02Z
38,409,66.82,2019-01-01T15:00:55Z
39,600,-1.93,2019-06-01T08:27:28Z
40,57,-41.66,2019-04-20T04:52:25Z
41,365,-65.56,2020-03-16T19:22:44Z
42,539,10.30,2019-02-25T13:52:59Z
43,90,-2.90,2020-01-12T06:04:53Z
44,65,-94.57,2019-10-07T03:28:38Z
45,291,-54.50,2019-10-02T21:08:25Z
46,636,-96.54,2019-02-13T18:54:53Z
47,19,10.09,2019-07-03T15:59:26Z
48,946,37.53,2019-06-25T04:11:13Z
49,82,88.71,2019-09-11T00:56:42Z
50,313,-44.68,2019-05-20T11:47:30Z
51,943,-30.24,2019-02-16T06:16:01Z
52,822,20.63,2020-03-13T03:54:55Z
53,229,-23.73,2019-06-15T09:18:09Z
54,605,53.11,2019-10-19T10:45:59Z
55,382,-23.22,2019-08-25T07:24:34Z
56,891,-4.75,2019-02-17T18:57:32Z
57,586,-2.25,2019-05-19T17:22:39Z
58,242,24.24,2019-06-28T19:21:04Z
59,762,52.30,2019-03-11T02:48:17Z
60,989,70.27,2019-04-13T01:51:34Z
61,334,31.34,2019-01-21T06:06:19Z
62,511,76.43,2020-02-17T06:10:28Z
63,215,24.90,2020-01-06T03:55:56Z
64,167,-18.22,2019-04-15T13:29:39Z
65,449,-45.25,2020-02-21T10:51:14Z
66,23,6.24,2019-08-02T11:52:33Z
67,238,11.50,2019-09-04T16:15:12Z
68,173,-57.92,2019-04-13T02:40:01Z
69,875,-29.43,2019-01-05T11:34:15Z
70,395,-21.41,2019-11-18T21:14:42Z
71,688,71.58,2019-11-02T17:51:11Z
72,160,-19.85,2019-09-11T22:43:41Z
73,33,-80.72,2019-03-03T01:08:33Z
74,386,-98.69,2019-04-06T08:36:21Z
75,611,32.74,2019-10-29T03:47:49Z
76,611,65.11,2019-10-13T10:59:02Z
77,607,-31.73,2019-01-27T17:54:29Z
78,99,52.75,2019-05-08T11:28:38Z
79,444,-17.29,2019-02-04T16:37:57Z
80,645,-21.42,2020-01-22T05:22:53Z
81,240,-40.74,2020-02-10T16:57:34Z
82,200,49.36,2020-02-21T19:05:09Z
83,277,70.44,2019-07-06T07:45:45Z
84,196,23.67,2019-05-30T15:13:18Z
85,197,-98.92,2019-12-17T11:39:05Z
86,682,65.74,2020-02-29T04:29:14Z
87,689,-46.29,2019-06-09T11:10:17Z
88,617,99.05,2019-05-02T19:11:34Z
89,683,-33.50,2019-09-16T13:27:58Z
90,457,-17.43,2019-09-14T19:32:54Z
91,140,14.92,2020-03-13T14:38:28Z
92,147,87.89,2019-09-03T01:50:09Z
93,736,-80.52,2019-02-22T16:16:35Z
94,201,35.28,2019-02-01T19:19:04Z
95,783,6.02,2019-09-25T09:54:42Z
96,260,-58.38,2019-11-16T06:28:53Z
97,534,48.03,2019-06-10T01:44:54Z
98,965,-24.28,2019-07-17T06:33:47Z
99,412,-87.93,2019-12-21T12:18:28Z
100,300,-63.30,2019-08-28T05:29:04Z
101,397,5.13,2019-06-18T22:49:03Z
102,410,-24.68,2019-09-21T01:56:21Z
103,919,-6.97,2019-08-17T09:01:16Z
104,925,-79.52,2019-10-11T00:50:51Z
105,650,5.52,2019-12-27T17:37:13Z
106,883,26.77,2019-05-10T19:47:59Z
107,500,87.38,2020-01-29T14:00:57Z
108,976,68.75,2019-05-21T11:33:27Z
109,99,-63.78,2019-01-15T18:15:38Z
110,291,32.92,2019-04-20T20:39:02Z
111,189,-64.61,2019-08-07T02:27:09Z
112,42,15.89,2019-11-05T02:01:58Z
113,794,-94.22,2019-03-05T00:13:50Z
114,482,-4.23,2020-03-17T21:36:32Z
115,856,-27.61,2019-07-12T08:29:03Z
116,182,-40.05,2019-10-02T20:21:07Z
117,470,40.45,2020-02-24T23:03:13Z
118,214,62.39,2019-03-25T10:19:00Z
119,208,-85.86,2019-12-15T06:42:41Z
120,24,-72.97,2019-04-08T04:49:52Z
121,501,67.82,2019-11-22T02:06:08Z
122,194,20.91,2019-01-26T13:43:13Z
123,18,-96.26,2019-05-27T05:33:22Z
124,130,-35.41,2020-01-08T08:26:51Z
125,231,9.34,2019-11-07T10:39:02Z
126,550,58.43,2019-12-03T23:35:51Z
127,939,31.17,2019-12-05T04:40:12Z
128,473,75.52,2019-08-28T13:54:46Z
129,668,-58.58,2020-01-04T14:15:33Z
130,499,93.49,2019-03-11T07:32:00Z
131,500,57.93,2020-01-16T12:07:52Z
132,812,-38.66,2019-04-30T15:24:27Z
133,924,13.76,2019-03-21T20:31:27Z
134,407,-57.68,2019-08-18T13:12:16Z
135,115,-52.08,2019-12-16T14:14:50Z
136,949,32.67,2020-03-21T11:42:38Z
137,936,32.96,2020-03-11T21:11:29Z
138,307,49.20,2019-11-10T01:13:08Z
139,395,69.58,2019-02-18T20:28:57Z
140,116,9.11,2020-03-06T11:18:53Z
141,916,-37.55,2019-05-20T21:00:07Z
142,57,-88.25,2019-07-23T22:24:11Z
143,883,38.73,2020-01-01T04:19:02Z
144,800,67.54,2019-07-05T11:54:41Z
145,258,47.22,2019-01-04T21:31:03Z
146,952,99.29,2019-04-16T11:51:15Z
147,608,61.29,2019-04-28T11:32:52Z
148,597,-88.86,2019-12-03T04:06:39Z
149,505,12.94,2019-03-07T11:41:18Z
150,317,96.77,2019-05-15T01:00:53Z
151,62,-19.61,2019-01-27T16:55:31Z
152,424,93.91,2019-04-21T18:23:27Z
153,443,22.05,2019-02-06T18:24:57Z
154,82,44.44,2019-05-09T16:46:53Z
155,390,-87.28,2019-12-16T18:14:14Z
156,36,80.29,2019-07-23T10:32:31Z
157,581,59.24,2020-01-28T01:00:48Z
158,640,-14.38,2019-07-18T13:58:02Z
159,693,-37.48,2019-08-26T22:57:35Z
160,646,-28.07,2019-03-29T06:14:09Z
161,287,-63.30,2020-03-17T18:06:32Z
162,420,9.01,2019-03-21T07:48:26Z
163,984,71.21,2019-05-15T20:58:05Z
164,410,-59.71,2019-03-23T18:43:43Z
165,760,-44.97,2019-03-18T20:22:54Z
166,443,-26.53,2019-08-13T13:59:41Z
167,23,-1.10,2019-05-30T07:58:47Z
168,345,44.07,2020-02-23T23:58:16Z
169,589,83.37,2019-04-23T14:29:00Z
170,582,-9.32,2019-05-27T00:11:16Z
171,416,-21.73,2019-03-09T16:33:31Z
172,730,-72.66,2019-01-22T02:28:29Z
173,820,88.00,2019-05-18T10:42:12Z
174,692,-91.19,2019-04-13T05:13:55Z
175,674,-63.84,2019-08-30T00:35:18Z
176,843,30.61,2019-04-27T15:26:09Z
177,20,-65.03,2019-01-14T15:14:47Z
178,191,32.17,2019-08-29T15:32:11Z
179,281,20.76,2019-09-03T10:52:11Z
180,784,13.35,2019-03-06T13:41:37Z
181,449,49.57,2019-02-06T09:41:04Z
182,847,-42.08,2019-11-27T08:49:54Z
183,672,-32.65,2019-11-20T08:08:14Z
184,593,-71.80,2019-06-25T20:51:23Z
185,755,-40.78,2019-04-06T10:24:52Z
186,217,22.75,2019-02-08T23:26:30Z
187,221,63.33,2019-05-29T03:39:45Z
188,971,-78.16,2019-07-15T21:01:06Z
189,320,23.30,2019-09-29T23:26:46Z
190,175,-76.06,2020-02-20T13:40:19Z
191,638,-18.03,2019-01-14T23:03:47Z
192,608,86.62,2019-03-03T22:33:17Z
193,20,66.82,2020-03-14T06:24:34Z
194,514,-61.21,2019-10-09T02:47:07Z
195,997,-88.10,2019-10-06T01:01:59Z
196,59,-76.61,2019-08-26T23:24:38Z
197,707,58.28,2020-01-10T00:45:52Z
198,320,-43.53,2019-01-30T14:11:54Z
199,825,71.73,2019-03-31T09:02:54Z
200,208,5.46,2019-11-14T00:36:30Z
201,1000,80.79,2020-03-05T18:42:43Z
202,131,65.08,2019-01-10T11:12:31Z
203,377,26.70,2019-07-02T06:38:31Z
204,546,44.81,2019-11-20T02:43:53Z
205,162,-10.93,2019-03-20T19:16:38Z
206,844,-30.89,2020-02-09T12:11:09Z
207,697,38.55,2019-05-19T18:21:11Z
208,386,37.39,2019-04-12T13:42:17Z
209,932,-34.56,2019-01-03T03:27:38Z
210,699,-35.01,2019-01-03T14:03:08Z
211,475,-70.42,2019-11-28T13:07:19Z
212,27,2.53,2019-08-01T21:17:11Z
213,909,86.23,2019-09-10T19:00:45Z
214,564,-15.77,2019-04-13T20:02:54Z
215,318,41.87,2020-03-20T22:58:01Z
216,399,79.38,2019-12-19T20:32:01Z
217,735,-93.55,2019-05-31T03:02:58Z
218,992,-21.76,2019-10-21T16:27:04Z
219,677,1.83,2019-09-05T00:24:35Z
220,951,69.73,2019-05-13T22:30:23Z
221,69,-86.28,2019-01-22T09:21:50Z
222,305,89.75,2019-06-29T08:19:09Z
223,805,56.85,2019-07-29T14:59:13Z
224,967,0.39,2020-02-25T19:49:22Z
225,876,-65.78,2019-09-07T02:11:00Z
226,858,73.14,2019-08-14T14:24:18Z
227,83,-34.81,2020-02-04T12:18:04Z
228,553,18.94,2019-05-11T15:19:41Z
229,811,-63.49,2019-03-17T18:45:22Z
230,805,-96.00,2019-07-27T00:39:04Z
231,714,24.70,2019-06-17T20:04:43Z
232,858,35.12,2019-05-18T22:01:45Z
233,183,-29.05,2019-07-18T20:33:29Z
234,687,92.13,2019-05-31T12:24:18Z
235,448,-78.51,2019-01-02T10:59:26Z
236,44,-81.56,2020-03-15T20:39:03Z
237,953,86.14,2020-01-14T04:11:15Z
238,995,-38.92,2019-07-25T06:54:48Z
239,564,39.82,2019-10-31T11:08:30Z
240,148,-50.18,2019-10-16T18:24:33Z
241,112,37.37,2019-04-23T12:55:58Z
242,366,8.67,2019-03-13T19:54:48Z
243,12,27.88,2019-05-26T19:05:25Z
244,693,39.61,2019-01-01T17:45:32Z
245,790,-4.52,2020-03-16T22:12:12Z
246,573,-64.97,2019-12-29T18:32:21Z
247,626,74.82,2019-12-10T07:33:11Z
248,346,97.14,2019-04-07T15:29:20Z
249,962,42.66,2019-01-19T23:26:37Z
250,214,-71.86,2019-09-23T12:51:46Z
251,5,93.57,2019-03-05T06:50:48Z
252,362,-13.11,2019-03-03T19:15:56Z
253,738,-61.57,2019-11-29T21:07:17Z
254,174,5.15,2019-08-11T06:24:50Z
255,619,-50.77,2019-10-20T10:30:09Z
256,120,36.44,2019-05-03T16:29:36Z
257,722,-69.68,2019-03-23T14:04:16Z
258,64,-58.61,2019-10-16T01:19:53Z
259,288,-41.04,2019-03-16T02:58:08Z
260,963,-6.87,2019-05-12T01:06:59Z
261,370,28.53,2019-05-04T23:48:30Z
262,692,-93.85,2019-08-04T13:26:51Z
263,682,18.33,2019-02-21T10:22:43Z
264,602,-38.93,2019-03-12T03:53:36Z
265,164,37.94,2019-09-11T04:47:06Z
266,585,17.66,2019-03-24T08:19:50Z
267,975,16.31,2019-12-03T20:56:51Z
268,991,-45.61,2019-06-25T20:35:47Z
269,3,39.92,2019-04-23T00:27:39Z
270,396,97.69,2020-01-01T11:46:28Z
271,513,74.15,2020-03-19T03:30:25Z
272,890,-84.67,2019-11-22T17:51:59Z
273,15,-25.87,2019-05-10T02:25:02Z
274,266,-80.93,2019-01-08T04:28:29Z
275,560,1.55,2019-11-25T19:35:38Z
276,82,-22.13,2019-06-08T12:01:33Z
277,234,-51.03,2019-01-15T03:31:53Z
278,597,8.70,2020-01-07T19:36:06Z
279,423,20.06,2020-01-14T21:26:38Z
280,123,-33.07,2020-02-08T22:24:46Z
281,439,-4.19,2019-06-29T22:03:57Z
282,513,13.10,2019-05-13T01:25:18Z
283,725,-11.05,2019-07-06T11:17:17Z
284,584,67.85,2020-01-23T04:21:56Z
285,63,69.28,2019-05-13T01:54:34Z
286,197,-76.46,2019-08-08T21:48:05Z
287,746,-48.79,2019-11-16T03:31:51Z
288,64,29.72,2019-08-22T19:58:23Z
289,775,-85.83,2019-04-25T12:34:06Z
290,141,48.70,2019-08-27T10:44:51Z
291,3,-88.02,2019-11-18T00:47:47Z
292,282,83.79,2019-11-16T07:19:19Z
293,339,-49.50,2019-12-11T02:06:45Z
294,912,-88.03,2020-02-28T17:32:49Z
295,133,-50.66,2019-11-15T05:31:39Z
296,69,61.69,2019-02-04T12:34:06Z
297,615,-71.48,2020-02-02T09:39:17Z
298,837,-79.83,2019-05-04T11:48:43Z
299,75,7.68,2019-01-16T11:45:17Z
300,755,14.44,2019-12-19T10:57:56Z
301,177,21.41,2020-03-19T05:02:04Z
302,348,-92.37,2019-07-31T00:20:28Z
303,387,-52.87,2019-07-12T18:22:13Z
304,453,58.67,2020-01-31T03:39:49Z
305,378,44.82,2019-05-18T16:15:00Z
306,924,60.08,2020-01-09T00:04:07Z
307,265,42.88,2020-03-10T19:59:41Z
308,772,59.64,2019-03-06T23:30:53Z
309,282,-41.01,2019-04-24T07:00:40Z
310,129,45.17,2019-09-07T01:32:25Z
311,59,72.28,2019-06-11T07:14:49Z
312,497,-79.15,2019-05-26T18:32:34Z
313,402,-10.30,2019-12-15T04:06:26Z
314,937,37.71,2020-03-20T15:25:44Z
315,392,32.20,2020-02-18T17:20:46Z
316,548,48.44,2019-07-26T22:09:12Z
317,961,84.56,2019-07-30T09:57:10Z
318,934,-75.69,2019-08-10T06:48:48Z
319,527,-44.05,2020-02-19T09:17:16Z
320,451,57.04,2019-11-18T21:01:16Z
321,926,-50.82,2019-12-23T06:29:49Z
322,141,42.21,2019-11-03T22:42:42Z
323,549,-37.97,2019-01-31T00:51:08Z
324,237,41.57,2019-09-24T07:00:40Z
325,566,-1.58,2019-11-11T08:11:13Z
326,911,43.65,2020-01-22T16:19:15Z
327,422,-14.21,2020-02-12T21:53:30Z
328,142,38.87,2019-10-09T01:03:17Z
329,339,-86.47,2019-02-26T06:54:54Z
330,766,50.28,2019-08-31T00:34:33Z
331,768,27.63,2019-07-09T02:53:06Z
332,244,-82.49,2019-07-29T03:15:03Z
333,803,59.45,2019-08-16T01:57:12Z
334,563,23.11,2019-10-19T22:54:57Z
335,384,34.82,2019-04-04T20:30:52Z
336,238,19.39,2019-05-24T09:24:04Z
337,429,58.79,2019-05-11T12:31:02Z
338,619,-17.12,2019-10-01T22:55:29Z
339,146,25.16,2019-01-01T19:59:40Z
340,834,-6.06,2019-03-29T08:10:03Z
341,375,4.19,2019-12-28T13:42:49Z
342,585,41.17,2020-01-31T13:55:45Z
343,580,-6.93,2019-09-17T18:01:40Z
344,483,-57.84,2019-09-16T23:33:27Z
345,703,-30.39,2019-05-07T00:23:46Z
346,306,-27.83,2020-01-20T22:32:17Z
347,802,-84.95,2019-04-27T21:55:16Z
348,249,-99.81,2019-05-21T20:11:53Z
349,448,18.24,2019-12-30T21:29:09Z
350,16,-80.39,2020-01-17T01:59:25Z
351,585,81.17,2019-03-26T04:56:58Z
352,241,-49.51,2019-05-30T00:49:13Z
353,831,-37.90,2019-10-17T17:34:50Z
354,757,29.11,2020-02-06T05:36:02Z
355,603,2.13,2019-05-05T16:44:21Z
356,795,40.72,2019-06-26T23:42:07Z
357,545,27.98,2019-09-10T01:46:52Z
358,232,46.45,2019-11-19T07:11:45Z
359,391,-25.23,2019-06-15T13:55:14Z
360,951,43.83,2019-01-09T18:39:08Z
361,121,44.00,2020-02-04T22:16:44Z
362,904,-83.51,2019-09-02T11:51:21Z
363,947,44.64,2019-04-04T23:08:31Z
364,899,23.26,2020-02-01T21:34:14Z
365,73,-93.44,2019-01-26T08:40:26Z
366,830,49.11,2019-08-11T14:26:45Z
367,143,88.37,2019-02-20T14:45:22Z
368,193,84.48,2019-01-19T22:21:01Z
369,927,-65.89,2019-05-26T04:43:13Z
370,921,-19.92,2019-07-15T16:20:19Z
371,105,-17.50,2019-12-01T17:54:13Z
372,270,-64.62,2019-03-20T16:36:45Z
373,316,26.12,2019-01-14T22:09:38Z
374,330,6.49,2019-05-07T00:51:01Z
375,20,-91.31,2019-03-28T18:39:03Z
376,493,88.50,2019-07-13T04:12:25Z
377,987,-44.99,2019-09-03T03:25:31Z
378,952,10.54,2019-12-27T00:27:18Z
379,531,32.44,2019-08-12T21:20:53Z
380,171,34.13,2019-12-01T21:28:21Z
381,975,5.44,2019-12-08T04:23:50Z
382,964,-30.62,2019-11-11T14:46:12Z
383,155,89.81,2020-03-05T15:48:00Z
384,337,-91.52,2019-04-09T18:05:34Z
385,831,60.70,2019-01-23T22:26:26Z
386,366,-45.79,2019-05-07T13:02:37Z
387,512,-60.16,2019-08-07T00:20:28Z
388,183,31.40,2020-03-07T17:39:46Z
389,976,-65.97,2019-11-14T13:33:25Z
390,546,98.97,2019-10-21T12:44:40Z
391,622,31.84,2020-01-10T04:33:50Z
392,809,24.43,2019-08-19T12:32:46Z
393,228,-84.74,2020-03-22T07:09:16Z
394,219,-78.94,2019-11-19T07:31:56Z
395,728,48.08,2019-08-04T01:27:07Z
396,550,94.31,2019-03-15T08:04:19Z
397,676,19.73,2019-03-08T19:11:58Z
398,164,-66.64,2019-06-01T13:57:44Z
399,747,-97.88,2019-10-31T04:03:33Z
400,67,19.10,2019-04-05T01:35:30Z
401,365,-85.57,2019-12-17T12:27:09Z
402,40,6.57,2019-08-05T03:07:00Z
403,653,-4.38,2019-05-26T14:51:34Z
404,948,6.16,2019-03-01T04:21:02Z
405,48,-23.22,2019-06-02T14:16:21Z
406,447,-48.22,2020-02-17T02:55:43Z
407,609,42.72,2019-03-19T14:23:37Z
408,214,17.28,2019-11-28T18:11:48Z
409,303,-11.18,2019-11-07T18:08:53Z
410,627,94.76,2019-01-01T10:41:24Z
411,15,-60.32,2019-09-20T15:54:26Z
412,866,-35.41,2019-11-03T04:58:35Z
413,939,1.56,2019-07-08T13:08:32Z
414,824,-52.64,2019-11-19T10:37:14Z
415,629,35.35,2019-02-10T00:52:21Z
416,997,54.48,2019-09-14T21:31:47Z
417,85,-16.38,2020-01-04T01:09:31Z
418,975,15.68,2019-06-22T22:10:05Z
419,259,47.86,2019-11-07T10:11:18Z
420,452,-97.24,2019-07-19T15:19:29Z
421,372,15.04,2019-06-26T11:12:51Z
422,735,-27.14,2019-04-15T19:45:34Z
423,472,98.56,2019-04-27T20:33:23Z
424,693,-38.42,2019-01-24T17:23:56Z
425,263,81.83,2019-01-02T15:29:53Z
426,334,92.66,2019-05-22T09:02:59Z
427,142,24.51,2019-04-02T00:47:28Z
428,764,-48.66,2019-04-11T18:57:16Z
429,407,77.26,2019-02-23T03:49:58Z
430,636,-57.85,2020-01-09T06:57:55Z
431,744,81.01,2020-01-25T12:48:56Z
432,827,17.41,2019-01-29T22:23:23Z
433,949,-45.26,2020-01-25T17:11:20Z
434,930,74.69,2020-01-24T05:16:23Z
435,113,-84.09,2020-01-22T02:01:07Z
436,96,68.81,2019-11-26T02:43:56Z
437,789,67.58,2020-01-28T06:52:06Z
438,228,10.05,2019-03-05T20:33:40Z
439,96,-9.25,2019-03-21T17:34:00Z
440,440,54.75,2019-11-02T02:20:14Z
441,587,28.10,2019-03-14T19:15:55Z
442,718,52.94,2019-05-09T19:07:17Z
443,567,-83.86,2019-08-23T00:42:18Z
444,512,58.68,2020-02-09T11:35:57Z
445,917,81.55,2019-03-18T20:10:52Z
446,607,62.12,2019-11-20T20:47:00Z
447,297,-65.86,2019-10-18T10:33:17Z
448,515,-22.25,2019-03-03T04:32:20Z
449,826,-65.08,2019-07-29T07:40:48Z
450,816,-24.43,2020-02-24T07:27:57Z
451,364,14.77,2019-03-26T06:11:59Z
452,600,-81.21,2019-07-25T07:57:52Z
453,490,33.56,2019-08-10T10:09:10Z
454,532,-66.53,2019-09-26T19:22:24Z
455,699,-27.12,2019-02-24T20:15:25Z
456,923,27.54,2020-03-17T04:07:11Z
457,712,47.78,2020-01-22T03:10:11Z
458,800,-35.48,2019-08-14T02:49:23Z
459,375,-8.37,2019-10-02T14:59:25Z
460,895,59.64,2019-08-10T18:29:21Z
461,581,32.53,2019-11-04T19:39:25Z
462,141,25.80,2019-09-28T17:21:16Z
463,428,-43.23,2020-01-21T10:47:43Z
464,286,42.02,2019-05-13T08:23:42Z
465,110,-31.14,2019-11-14T07:18:01Z
466,443,15.42,2019-07-28T20:45:08Z
467,908,-80.56,2019-12-12T21:13:36Z
468,108,-50.57,2019-09-15T16:31:30Z
469,715,-20.45,2019-04-29T16:01:39Z
470,275,66.66,2019-01-14T10:09:17Z
471,276,-4.98,2019-03-23T19:19:05Z
472,467,38.98,2019-08-11T06:43:56Z
473,901,28.76,2019-10-19T03:14:20Z
474,483,20.90,2019-07-14T03:18:15Z
475,970,88.98,2019-09-28T21:47:45Z
476,66,-90.97,2019-01-06T08:30:26Z
477,698,77.88,2019-08-25T02:07:49Z
478,630,-42.82,2020-03-20T00:51:55Z
479,789,54.19,2019-12-07T19:32:30Z
480,636,-87.18,2019-03-28T00:29:07Z
481,946,-92.75,2019-06-15T23:46:13Z
482,587,21.30,2019-11-25T11:50:53Z
483,714,-38.64,2019-12-23T05:41:09Z
484,649,-31.59,2019-03-31T19:54:50Z
485,788,-61.71,2019-12-15T03:11:14Z
486,788,22.46,2019-09-02T07:52:22Z
487,994,57.86,2019-02-23T04:02:03Z
488,84,-93.77,2019-03-02T22:57:59Z
489,215,-73.06,2019-07-05T12:20:22Z
490,648,34.48,2019-09-09T11:31:58Z
491,918,-88.62,2019-03-31T00:07:08Z
492,216,10.00,2019-10-05T11:36:57Z
493,553,89.70,2019-06-01T16:31:40Z
494,697,-83.40,2020-03-02T15:00:45Z
495,465,8.76,2019-05-13T23:48:11Z
496,64,-93.89,2019-08-24T07:23:27Z
497,689,-30.46,2019-08-05T07:17:07Z
498,840,-51.12,2019-08-28T10:20:41Z
499,836,-2.64,2019-06-01T22:51:50Z
500,736,87.03,2019-06-08T08:54:21Z
501,962,59.08,2019-01-17T15:01:32Z
502,222,55.17,2019-12-15T06:23:16Z
503,551,-57.99,2019-03-10T08:18:10Z
504,152,-15.01,2019-09-17T22:15:02Z
505,731,51.83,2019-09-06T02:02:50Z
506,554,-3.22,2019-11-24T12:49:46Z
507,443,64.96,2019-05-09T01:34:02Z
508,327,-25.04,2019-06-13T13:08:56Z
509,374,-45.52,2019-06-10T22:29:42Z
510,847,-95.40,2019-10-15T02:52:54Z
511,606,-67.93,2019-01-11T17:08:37Z
512,198,-77.33,2019-04-30T23:00:59Z
513,70,40.17,2019-12-07T04:27:47Z
514,78,-29.77,2019-03-31T01:16:17Z
515,938,26.49,2020-02-29T08:11:31Z
516,364,98.54,2020-01-13T09:06:32Z
517,8,-50.81,2019-09-30T08:18:56Z
518,911,-66.54,2019-08-10T17:37:32Z
519,769,-81.73,2019-02-01T09:43:06Z
520,99,-80.14,2019-01-23T00:37:02Z
521,522,63.94,2019-09-12T20:29:04Z
522,143,75.19,2019-03-05T17:28:38Z
523,913,-4.89,2020-02-09T06:51:35Z
524,851,-40.33,2019-10-23T23:51:41Z
525,360,-30.94,2019-11-09T11:22:50Z
526,990,-92.96,2020-01-10T23:40:28Z
527,40,74.33,2020-01-22T04:27:39Z
528,264,62.17,2019-11-09T23:09:54Z
529,558,11.80,2019-07-29T08:38:33Z
530,86,-53.73,2019-09-07T03:03:31Z
531,265,12.52,2019-09-27T15:09:10Z
532,724,24.35,2019-04-12T09:34:30Z
533,126,-70.66,2020-01-11T07:38:53Z
534,621,-74.40,2019-12-12T15:09:40Z
535,595,7.10,2019-08-10T00:29:46Z
536,546,-24.77,2019-01-15T08:01:18Z
537,316,99.92,2020-02-18T04:35:10Z
538,269,89.39,2019-08-03T10:00:14Z
539,676,51.92,2019-07-23T22:52:06Z
540,354,2.38,2019-02-05T03:45:21Z
541,732,-63.93,2020-03-14T12:24:07Z
542,514,-35.46,2019-02-13T17:21:26Z
543,402,70.24,2019-02-28T12:06:43Z
544,337,65.91,2019-10-06T21:16:27Z
545,361,-16.43,2019-10-17T03:29:51Z
546,522,28.24,2020-02-08T09:58:30Z
547,771,-76.72,2020-01-27T22:28:14Z
548,234,-11.93,2019-04-02T05:11:32Z
549,887,34.09,2019-08-28T15:33:55Z
550,525,84.36,2019-04-01T06:00:34Z
551,309,-26.73,2019-09-25T01:18:38Z
552,464,26.26,2019-04-15T20:32:26Z
553,750,6.02,2019-05-05T11:13:29Z
554,566,-54.81,2019-05-09T02:54:26Z
555,895,85.53,2019-12-27T12:55:14Z
556,678,-39.64,2019-08-01T05:00:03Z
557,66,-17.50,2019-08-13T00:29:56Z
558,377,88.96,2019-12-21T02:35:50Z
559,894,-37.88,2019-01-27T16:28:56Z
560,934,33.27,2019-11-01T11:31:21Z
561,698,71.77,2019-04-19T11:38:00Z
562,187,14.96,2019-07-21T01:32:07Z
563,118,2.46,2019-07-13T07:23:43Z
564,881,-8.20,2020-01-01T03:23:01Z
565,586,-40.47,2020-03-04T04:53:57Z
566,731,7.62,2020-01-28T20:54:36Z
567,440,0.90,2019-06-12T17:51:56Z
568,618,55.44,2019-08-18T11:54:00Z
569,889,-22.60,2019-04-07T07:21:48Z
570,825,35.16,2019-12-12T06:00:26Z
571,978,3.86,2019-12-01T12:54:12Z
572,14,35.17,2020-01-28T10:21:48Z
573,754,-45.16,2019-04-04T10:13:38Z
574,774,52.14,2019-09-29T03:32:04Z
575,569,17.54,2020-01-16T02:18:50Z
576,24,-60.39,2019-05-07T23:42:17Z
577,678,69.55,2019-11-29T12:24:21Z
578,913,-41.93,2019-09-15T22:56:48Z
579,913,65.69,2019-03-27T18:41:04Z
580,13,-22.63,2020-01-29T10:13:33Z
581,871,59.50,2020-03-11T23:35:53Z
582,530,-83.75,2019-07-15T18:12:11Z
583,73,-25.59,2019-11-18T17:41:06Z
584,998,4.83,2020-03-19T12:42:08Z
585,934,-95.38,2019-12-26T21:16:21Z
586,256,-81.64,2019-06-18T23:30:18Z
587,763,93.20,2019-09-24T14:29:20Z
588,766,-93.78,2019-12-18T21:37:24Z
589,383,96.01,2019-06-18T21:26:06Z
590,154,-19.19,2019-07-12T01:22:47Z
591,683,40.36,2019-07-31T13:56:26Z
592,416,-13.02,2019-11-05T08:06:11Z
593,290,-41.38,2019-06-01T18:13:04Z
594,812,-36.65,2019-08-04T17:33:59Z
595,296,-65.91,2019-11-11T14:04:28Z
596,290,-25.19,2019-05-26T02:22:30Z
597,828,62.09,2019-02-18T07:03:50Z
598,532,-27.55,2019-01-07T15:56:43Z
599,180,32.22,2019-03-05T21:06:22Z
600,28,83.94,2019-08-14T18:17:46Z
601,317,89.47,2019-11-24T05:03:23Z
602,969,91.65,2019-10-15T09:43:27Z
603,467,27.47,2020-02-24T10:54:52Z
604,160,45.36,2019-09-18T01:27:31Z
605,543,16.45,2019-06-17T02:03:46Z
606,739,85.03,2019-12-07T05:53:51Z
607,604,-73.21,2019-10-16T06:57:07Z
608,130,19.71,2019-04-03T14:13:10Z
609,942,93.15,2019-01-10T22:09:17Z
610,353,-80.71,2019-01-24T19:49:18Z
611,317,91.47,2019-09-07T10:23:16Z
612,535,34.90,2019-03-18T23:40:25Z
613,1,73.49,2019-04-25T18:07:02Z
614,546,13.08,2019-11-20T13:05:22Z
615,970,-75.37,2020-01-25T01:56:07Z
616,476,-8.28,2019-05-15T04:13:39Z
617,524,-11.16,2019-08-11T01:31:33Z
618,637,93.15,2019-07-05T19:05:48Z
619,752,-37.84,2019-05-27T07:18:38Z
620,437,12.19,2019-03-21T22:08:38Z
621,335,-21.46,2020-01-22T08:25:14Z
622,369,-9.90,2020-02-08T12:32:59Z
623,731,-1.00,2019-11-12T01:09:46Z
624,629,-69.16,2019-01-02T12:41:43Z
625,105,19.24,2019-02-26T04:15:08Z
626,129,-47.92,2019-08-19T19:43:22Z
627,867,-8.43,2019-12-31T00:54:30Z
628,89,-65.05,2019-01-03T18:27:43Z
629,442,35.06,2019-06-18T14:53:42Z
630,350,-45.61,2019-08-09T00:59:02Z
631,809,-86.70,2019-07-04T11:15:14Z
632,236,-69.45,2020-01-07T04:55:40Z
633,441,-89.07,2019-10-19T10:01:38Z
634,352,-73.57,2019-01-25T17:25:58Z
635,11,-51.87,2019-07-23T23:33:41Z
636,805,-40.56,2019-04-02T00:43:05Z
637,791,-25.69,2019-09-12T21:36:45Z
638,831,69.48,2019-07-04T16:46:03Z
639,155,-78.24,2019-11-12T05:57:26Z
640,908,-52.06,2019-08-25T18:31:28Z
641,148,-33.30,2019-05-29T22:45:29Z
642,842,-29.46,2019-04-12T01:56:43Z
643,577,32.27,2019-03-16T16:56:10Z
644,184,57.19,2019-12-29T12:30:35Z
645,118,22.95,2019-04-24T20:24:59Z
646,367,-33.73,2019-08-31T08:28:21Z
647,213,-42.09,2019-06-03T08:15:09Z
648,313,77.40,2019-03-31T08:46:54Z
649,512,13.40,2019-04-04T17:03:01Z
650,507,71.66,2019-11-27T20:22:22Z
651,812,-71.34,2019-09-07T16:56:42Z
652,854,32.11,2019-05-25T22:14:01Z
653,890,12.31,2019-11-27T19:17:10Z
654,183,-90.53,2019-08-31T09:59:36Z
655,544,-85.24,2019-05-21T04:16:24Z
656,222,-47.56,2019-03-12T02:37:39Z
657,623,-92.96,2019-12-28T07:35:25Z
658,560,2.65,2019-07-02T01:12:31Z
659,439,32.93,2019-11-17T11:56:32Z
660,651,-67.60,2019-09-12T14:45:25Z
661,265,58.58,2019-08-30T10:34:54Z
662,216,-93.53,2019-04-25T04:52:39Z
663,891,-73.33,2019-02-17T18:38:24Z
664,185,25.96,2019-08-23T21:21:20Z
665,439,49.81,2019-12-19T19:28:59Z
666,493,-62.79,2019-09-15T09:50:20Z
667,954,65.14,2019-01-21T21:15:24Z
668,708,43.36,2019-08-11T01:40:27Z
669,232,74.43,2019-04-26T05:23:30Z
670,673,-23.06,2019-09-18T09:00:19Z
671,250,55.04,2019-02-27T21:00:14Z
672,202,34.52,2019-11-21T22:52:07Z
673,367,-39.73,2019-05-21T23:24:02Z
674,554,31.47,2019-12-10T10:43:30Z
675,972,-44.63,2020-01-24T00:28:14Z
676,362,0.31,2019-07-25T13:58:47Z
677,331,-43.45,2019-01-21T06:27:52Z
678,43,64.14,2019-03-06T14:48:38Z
679,182,-83.52,2019-03-11T08:06:40Z
680,255,29.48,2019-10-23T21:04:00Z
681,510,-10.52,2019-02-14T14:33:08Z
682,531,43.72,2019-07-26T03:47:47Z
683,202,-67.56,2019-08-30T04:54:01Z
684,365,-24.66,2019-11-24T16:16:31Z
685,125,-58.99,2019-07-01T11:58:34Z
686,3,87.67,2019-11-21T18:37:35Z
687,131,-36.14,2019-12-27T10:38:56Z
688,619,-67.32,2019-01-17T12:35:12Z
689,143,-46.57,2019-04-23T23:35:49Z
690,90,24.96,2019-07-01T05:04:25Z
691,329,47.07,2019-05-14T00:18:02Z
692,508,6.21,2020-02-10T10:45:28Z
693,243,28.48,2019-11-27T11:23:11Z
694,193,-95.00,2019-02-15T15:14:46Z
695,673,37.46,2019-10-17T00:19:08Z
696,668,90.34,2019-11-30T13:32:14Z
697,781,-9.32,2019-02-10T19:10:45Z
698,757,-50.02,2019-11-14T22:29:02Z
699,660,40.16,2019-05-09T04:13:16Z
700,175,-93.89,2019-04-03T07:16:47Z
701,264,83.04,2019-06-28T22:00:59Z
702,414,76.61,2019-12-25T11:20:38Z
703,592,41.45,2019-02-15T19:17:12Z
704,295,-96.70,2019-03-16T05:00:43Z
705,659,-53.24,2019-05-19T19:44:49Z
706,248,-68.45,2019-10-01T05:07:17Z
707,322,-98.81,2019-04-26T13:14:24Z
708,139,-64.31,2019-06-15T17:12:41Z
709,338,-59.93,2019-06-28T12:00:55Z
710,613,-26.25,2019-02-04T19:28:32Z
711,818,92.18,2019-09-22T19:28:18Z
712,908,81.53,2020-02-26T03:12:49Z
713,729,19.34,2019-07-20T17:08:52Z
714,857,29.90,2019-10-27T12:27:40Z
715,656,-41.70,2019-09-13T01:22:52Z
716,899,-75.78,2020-03-07T22:07:19Z
717,182,-6.97,2019-01-16T19:02:14Z
718,124,-37.48,2019-12-21T09:05:15Z
719,688,79.77,2020-01-23T09:05:41Z
720,621,-60.45,2019-02-02T06:36:45Z
721,551,-50.41,2019-09-19T09:58:40Z
722,94,-47.79,2019-10-18T19:34:11Z
723,159,77.73,2020-02-29T20:21:51Z
724,285,12.18,2020-01-09T13:32:11Z
725,747,-20.35,2019-02-12T09:43:20Z
726,853,51.02,2019-08-05T00:58:48Z
727,919,15.32,2019-10-08T18:05:04Z
728,150,-25.72,2020-02-08T11:47:30Z
729,963,-48.69,2019-06-10T13:47:12Z
730,522,56.34,2019-04-18T05:40:35Z
731,786,-53.02,2019-09-19T09:01:41Z
732,505,-21.30,2019-05-03T01:02:54Z
733,884,52.04,2019-03-12T07:48:00Z
734,424,52.78,2019-10-03T07:31:45Z
735,624,93.23,2019-03-28T06:31:48Z
736,933,39.07,2019-08-25T08:33:58Z
737,184,-19.07,2019-04-27T05:20:26Z
738,954,81.73,2019-10-24T10:35:06Z
739,950,3.88,2019-11-26T21:24:28Z
740,391,59.31,2019-11-02T11:35:43Z
741,998,19.46,2019-03-05T09:56:37Z
742,410,-58.87,2019-10-29T00:55:04Z
743,774,36.81,2020-02-10T05:33:46Z
744,759,48.57,2019-01-21T05:17:00Z
745,126,-35.47,2019-08-27T18:15:28Z
746,383,-80.68,2019-06-26T04:26:57Z
747,683,59.30,2020-02-01T10:59:28Z
748,195,21.58,2019-02-26T06:50:49Z
749,42,95.14,2019-07-20T03:56:46Z
750,115,-25.04,2019-12-19T06:07:39Z
751,707,-27.35,2019-09-19T18:11:52Z
752,373,18.81,2019-02-02T12:42:44Z
753,650,-45.43,2019-06-23T14:35:42Z
754,656,49.06,2019-04-14T07:00:58Z
755,978,-49.44,2019-12-18T09:35:57Z
756,978,-80.37,2019-06-22T01:51:14Z
757,291,42.13,2019-03-28T14:44:49Z
758,435,75.75,2019-01-24T02:06:35Z
759,496,58.01,2020-01-17T01:51:30Z
760,515,26.80,2020-03-17T12:55:12Z
761,475,-45.12,2019-04-30T06:46:19Z
762,686,62.60,2019-11-16T20:35:57Z
763,372,-62.72,2019-07-09T23:32:47Z
764,33,62.73,2019-01-17T12:53:18Z
765,644,-43.18,2020-03-05T21:55:36Z
766,238,-88.89,2019-02-13T21:46:56Z
767,840,-12.54,2020-03-06T16:37:18Z
768,543,74.54,2020-01-12T22:55:10Z
769,837,47.79,2019-08-22T07:57:56Z
770,351,-50.34,2019-02-07T10:33:00Z
771,74,-52.42,2020-01-23T13:29:56Z
772,26,-98.69,2019-01-09T12:27:21Z
773,399,9.16,2019-10-20T15:49:28Z
774,305,9.04,2019-11-18T23:48:29Z
775,701,-83.01,2019-10-22T13:27:20Z
776,544,-48.78,2019-11-21T06:11:25Z
777,225,52.73,2019-01-20T20:18:36Z
778,602,-73.24,2019-07-27T11:37:31Z
779,328,-62.72,2019-03-29T07:57:38Z
780,778,-10.67,2019-12-08T14:42:36Z
781,271,-17.59,2019-03-06T03:26:52Z
782,850,19.21,2019-01-04T15:32:50Z
783,736,-39.91,2019-07-16T16:20:59Z
784,331,96.43,2019-09-18T19:05:32Z
785,989,-48.12,2020-02-15T15:14:54Z
786,205,18.46,2019-12-26T21:58:09Z
787,923,68.03,2020-01-13T03:06:38Z
788,509,46.37,2019-12-10T21:19:51Z
789,668,26.89,2019-05-28T11:05:26Z
790,909,-29.06,2019-04-02T02:06:15Z
791,450,-4.56,2019-07-25T13:19:40Z
792,49,89.37,2019-02-08T20:57:43Z
793,5,77.23,2019-12-05T16:56:22Z
794,204,-98.37,2019-12-13T14:25:19Z
795,904,92.37,2019-03-06T14:32:55Z
796,505,25.87,2019-01-15T23:17:03Z
797,582,-34.25,2019-04-25T21:00:59Z
798,669,-38.53,2019-01-31T14:39:16Z
799,992,42.93,2019-07-15T10:32:16Z
800,204,-44.83,2019-10-13T00:41:17Z
801,391,25.01,2019-01-26T17:02:28Z
802,399,10.21,2019-06-17T06:15:02Z
803,677,44.63,2019-03-25T07:49:02Z
804,334,49.31,2019-01-31T23:23:58Z
805,365,-68.68,2019-05-31T07:26:34Z
806,635,-1.09,2019-12-04T21:51:22Z
807,277,-48.67,2020-02-12T11:36:04Z
808,514,-6.52,2020-03-15T11:06:30Z
809,248,15.45,2020-02-15T14:55:04Z
810,198,-96.82,2019-01-22T15:28:31Z
811,362,-76.07,2019-12-02T02:51:29Z
812,691,96.61,2020-03-20T18:24:52Z
813,236,-48.05,2020-01-07T09:33:35Z
814,400,56.64,2020-03-18T22:02:05Z
815,400,85.46,2019-09-09T01:21:17Z
816,737,-39.93,2020-02-11T20:07:39Z
817,976,-71.15,2019-01-05T11:56:18Z
818,361,61.77,2020-02-16T12:20:12Z
819,599,30.23,2019-07-11T06:46:00Z
820,763,81.13,2019-07-31T13:11:43Z
821,114,-97.76,2019-06-21T23:51:32Z
822,106,36.51,2019-05-20T07:47:18Z
823,104,-67.06,2019-08-03T07:24:48Z
824,44,33.04,2019-03-12T18:31:00Z
825,187,-19.58,2019-04-13T06:04:45Z
826,631,-48.17,2019-12-20T01:56:58Z
827,656,-68.37,2019-04-29T13:59:28Z
828,422,14.72,2019-08-03T03:31:43Z
829,89,-68.91,2019-12-06T10:04:50Z
830,167,-17.79,2020-01-19T13:36:45Z
831,788,-49.24,2019-12-27T14:11:34Z
832,828,96.09,2019-09-08T21:30:40Z
833,196,-43.63,2020-01-04T16:17:53Z
834,134,-38.83,2019-04-07T04:29:19Z
835,629,14.07,2019-09-23T18:23:18Z
836,7,74.76,2020-02-26T00:39:54Z
837,544,-68.05,2019-04-10T13:38:58Z
838,163,18.94,2019-09-24T10:32:02Z
839,994,-7.24,2019-06-08T17:22:06Z
840,191,-73.61,2020-01-02T12:43:06Z
841,159,-22.47,2019-03-07T10:01:18Z
842,291,-36.40,2019-05-01T01:08:12Z
843,414,-78.97,2019-11-28T05:04:19Z
844,787,-57.46,2019-10-11T05:00:58Z
845,620,88.62,2019-06-29T08:56:46Z
846,853,52.77,2019-02-07T10:44:55Z
847,862,-82.42,2019-09-14T17:48:04Z
848,392,-6.26,2020-03-12T02:39:17Z
849,867,36.58,2019-11-16T05:01:17Z
850,805,-84.15,2019-05-30T19:08:38Z
851,680,-77.84,2020-03-16T10:20:52Z
852,379,-29.14,2019-08-22T08:35:00Z
853,18,-67.84,2019-08-08T16:59:12Z
854,494,-59.81,2019-02-18T02:11:36Z
855,368,95.04,2019-09-29T13:53:38Z
856,948,-63.34,2019-09-07T02:31:24Z
857,181,82.79,2019-10-06T17:48:02Z
858,864,73.01,2020-02-21T19:02:22Z
859,263,19.73,2019-10-17T20:00:07Z
860,205,-31.46,2020-01-09T18:32:05Z
861,378,83.70,2019-01-09T03:33:24Z
862,39,37.62,2019-06-11T15:20:07Z
863,802,87.62,2020-02-04T01:49:03Z
864,404,-13.25,2019-09-28T22:37:32Z
865,146,34.78,2019-07-19T01:11:14Z
866,105,7.94,2019-05-02T18:32:31Z
867,14,-45.12,2019-07-25T11:03:09Z
868,738,23.80,2020-02-05T11:01:53Z
869,37,66.59,2019-05-24T05:36:01Z
870,300,22.78,2019-05-27T23:26:24Z
871,128,-42.60,2019-12-03T03:29:11Z
872,986,85.10,2019-05-08T12:52:46Z
873,284,-67.01,2019-03-20T08:54:54Z
874,581,-19.79,2019-12-19T20:28:22Z
875,757,-56.75,2019-05-27T01:20:36Z
876,899,27.14,2019-09-01T23:51:25Z
877,707,-0.72,2019-05-10T13:08:03Z
878,85,-38.21,2020-01-03T20:51:09Z
879,850,-12.14,2019-02-06T10:05:59Z
880,977,59.02,2019-09-26T10:32:15Z
881,388,17.10,2019-08-15T02:25:30Z
882,910,93.90,2019-05-13T19:25:06Z
883,691,-80.87,2019-08-31T17:24:07Z
884,351,-83.42,2019-04-16T22:32:36Z
885,705,83.65,2019-11-29T20:57:12Z
886,290,46.37,2019-09-04T15:06:32Z
887,296,24.50,2019-07-27T23:00:32Z
888,245,-2.24,2019-09-09T05:20:25Z
889,341,-99.98,2019-08-27T23:35:51Z
890,42,-9.00,2019-07-05T22:50:21Z
891,627,-68.06,2019-05-05T00:05:06Z
892,217,-63.53,2019-07-23T23:55:49Z
893,60,35.18,2019-12-01T12:23:36Z
894,646,-27.11,2019-02-28T03:24:14Z
895,953,53.72,2020-01-23T21:37:13Z
896,624,0.17,2019-10-03T16:42:24Z
897,969,12.19,2019-09-16T09:05:44Z
898,197,42.26,2019-12-24T03:50:01Z
899,51,-95.48,2019-09-30T18:40:14Z
900,227,-5.54,2019-07-05T19:47:07Z
901,483,-8.13,2019-11-12T01:12:27Z
902,331,40.16,2020-02-01T02:12:58Z
903,418,-65.83,2019-09-07T03:04:05Z
904,986,14.30,2019-12-20T09:14:55Z
905,51,-55.32,2019-07-07T03:10:17Z
906,825,16.32,2019-06-11T03:00:47Z
907,686,-54.28,2020-01-22T15:03:24Z
908,685,65.77,2019-10-27T16:02:57Z
909,4,-88.51,2019-07-26T19:17:04Z
910,962,-11.34,2020-02-27T09:32:45Z
911,884,34.89,2019-05-28T05:17:00Z
912,49,-51.60,2019-02-04T09:45:32Z
913,706,56.83,2020-01-23T23:27:21Z
914,198,28.30,2019-08-31T15:37:38Z
915,3,80.45,2019-06-14T08:01:21Z
916,236,-70.39,2020-03-17T19:30:45Z
917,869,7.04,2019-08-21T08:31:01Z
918,104,60.80,2019-08-28T05:26:59Z
919,642,-86.84,2019-11-08T01:40:30Z
920,485,-59.12,2019-10-11T20:58:21Z
921,214,-2.11,2019-02-02T16:36:12Z
922,138,-80.32,2019-03-21T04:49:16Z
923,606,-59.19,2020-02-25T19:34:18Z
924,475,-18.35,2019-01-03T04:12:50Z
925,378,39.42,2019-12-12T23:51:06Z
926,24,-84.78,2019-01-04T13:09:33Z
927,568,47.23,2019-01-14T12:40:02Z
928,550,-13.31,2019-04-05T02:30:40Z
929,830,-65.54,2020-03-13T00:26:05Z
930,456,89.24,2020-01-29T22:01:43Z
931,183,91.75,2019-10-15T14:01:33Z
932,155,33.39,2020-02-15T13:32:05Z
933,420,-2.77,2019-05-16T08:49:29Z
934,93,34.88,2019-08-12T09:35:08Z
935,672,17.05,2019-03-25T00:03:16Z
936,659,20.28,2019-09-13T19:46:48Z
937,850,52.90,2020-03-08T18:04:58Z
938,568,33.56,2019-08-07T03:23:47Z
939,935,-49.99,2019-01-27T00:00:41Z
940,713,24.23,2020-03-04T20:28:18Z
941,860,62.06,2019-01-07T10:01:27Z
942,655,-72.59,2020-03-15T10:28:08Z
943,204,-30.16,2019-11-29T09:08:37Z
944,312,60.41,2019-07-22T09:50:58Z
945,28,-27.24,2020-02-22T05:46:03Z
946,846,-22.61,2020-03-14T08:28:11Z
947,105,-1.48,2019-12-17T08:20:28Z
948,798,-77.13,2019-08-20T21:59:57Z
949,966,11.55,2019-10-19T14:05:11Z
950,694,75.93,2019-10-01T15:08:56Z
951,8,96.89,2020-01-30T20:02:08Z
952,927,52.75,2019-12-19T04:53:03Z
953,13,-51.61,2019-08-06T05:02:10Z
954,313,-71.02,2019-11-17T07:01:48Z
955,341,34.58,2019-01-05T00:18:07Z
956,729,35.18,2019-05-03T17:38:56Z
957,359,-78.53,2019-08-13T14:03:16Z
958,239,-96.59,2019-02-28T14:42:00Z
959,55,-2.08,2020-03-09T11:54:25Z
960,142,-33.32,2019-05-09T22:14:09Z
961,718,-42.36,2019-11-10T11:39:03Z
962,438,86.16,2020-02-19T20:35:09Z
963,815,63.40,2019-10-25T02:03:29Z
964,832,-31.69,2019-05-01T13:02:35Z
965,303,-65.77,2019-08-04T08:39:49Z
966,592,83.48,2019-05-29T04:33:01Z
967,718,-57.59,2019-12-19T08:29:12Z
968,970,5.44,2019-07-05T09:05:00Z
969,753,25.17,2019-10-28T10:35:51Z
970,476,75.29,2019-10-18T12:31:14Z
971,223,-23.58,2020-01-16T09:45:02Z
972,87,-53.47,2019-12-02T02:19:39Z
973,307,23.37,2019-09-04T09:39:04Z
974,759,80.35,2019-08-25T20:45:13Z
975,455,-94.88,2020-02-17T20:59:32Z
976,20,89.36,2020-03-11T08:30:48Z
977,458,94.18,2020-02-10T20:27:05Z
978,808,-73.80,2019-12-13T18:25:34Z
979,884,42.88,2020-01-28T23:42:03Z
980,958,14.54,2019-06-27T05:53:27Z
981,136,68.24,2019-07-30T04:26:00Z
982,912,-99.19,2019-11-02T00:35:02Z
983,409,-93.89,2019-07-30T02:06:09Z
984,179,15.40,2020-03-12T12:01:53Z
985,242,63.89,2019-08-25T17:09:43Z
986,663,-21.49,2019-12-13T00:02:38Z
987,278,-5.51,2019-11-09T14:40:27Z
988,623,9.98,2019-07-14T02:04:36Z
989,449,57.38,2019-11-01T05:18:19Z
990,374,76.39,2019-12-30T10:36:26Z
991,15,72.00,2019-08-24T02:36:58Z
992,834,-59.51,2019-05-29T06:59:04Z
993,948,50.64,2019-12-17T08:36:00Z
994,582,-7.44,2019-11-05T00:07:16Z
995,519,-30.46,2019-09-26T13:34:36Z
996,736,13.55,2020-01-15T07:00:06Z
997,5,12.90,2019-11-17T07:29:03Z
998,635,-65.75,2019-02-01T20:10:50Z
999,413,11.69,2019-12-28T00:16:37Z
1000,161,-43.96,2019-10-03T23:53:35Z
